{
    "1": 1, 
    "5": 1, 
    "6": 0, 
    "_custom_": true, 
    "_ref_": 134239836, 
    "async_effect": false, 
    "description": -754272686, 
    "effect_destroy_way_is_immediately": false, 
    "effect_foes": [
        101308, 
        {
            "__tuple__": true, 
            "items": [
                0.0, 
                0.0, 
                0.0
            ]
        }, 
        {
            "__tuple__": true, 
            "items": [
                0.0, 
                0.0, 
                0.0
            ]
        }, 
        {
            "__tuple__": true, 
            "items": [
                1.0, 
                1.0, 
                1.0
            ]
        }, 
        1.0, 
        {
            "anim": "idle1", 
            "base_color_mod": 1, 
            "base_tint_color": {
                "__tuple__": true, 
                "items": [
                    255, 
                    255, 
                    255, 
                    0.5
                ]
            }, 
            "is_loop": true, 
            "model": 103014, 
            "model_opacity": 1, 
            "offset": {
                "__tuple__": true, 
                "items": [
                    0, 
                    0, 
                    0
                ]
            }, 
            "rotate": {
                "__tuple__": true, 
                "items": [
                    0, 
                    0, 
                    0
                ]
            }, 
            "scale": {
                "__tuple__": true, 
                "items": [
                    0, 
                    0, 
                    0
                ]
            }, 
            "use_base_tint_color": false
        }
    ], 
    "effect_friend": [
        101308, 
        {
            "__tuple__": true, 
            "items": [
                0.0, 
                0.0, 
                0.0
            ]
        }, 
        {
            "__tuple__": true, 
            "items": [
                0.0, 
                0.0, 
                0.0
            ]
        }, 
        {
            "__tuple__": true, 
            "items": [
                1.0, 
                1.0, 
                1.0
            ]
        }, 
        1.0, 
        {
            "anim": "idle1", 
            "base_color_mod": 1, 
            "base_tint_color": {
                "__tuple__": true, 
                "items": [
                    255, 
                    255, 
                    255, 
                    0.5
                ]
            }, 
            "is_loop": true, 
            "model": 103014, 
            "model_opacity": 1, 
            "offset": {
                "__tuple__": true, 
                "items": [
                    0, 
                    0, 
                    0
                ]
            }, 
            "rotate": {
                "__tuple__": true, 
                "items": [
                    0, 
                    0, 
                    0
                ]
            }, 
            "scale": {
                "__tuple__": true, 
                "items": [
                    0, 
                    0, 
                    0
                ]
            }, 
            "use_base_tint_color": false
        }
    ], 
    "icon": 100000, 
    "key": 134221007, 
    "kv": {}, 
    "max_duration": 5.0, 
    "move_channel": 1, 
    "move_limitation": 1, 
    "name": 103229801, 
    "sfx_loop": false, 
    "sound_event_list": {
        "__tuple__": true, 
        "items": []
    }, 
    "suffix": "", 
    "tags": {
        "__tuple__": true, 
        "items": []
    }, 
    "uid": "134221007"
}