{
    "async_effect": false, 
    "description": 617245088, 
    "effect_destroy_way_is_immediately": false, 
    "effect_foes": [
        102155, 
        {
            "__tuple__": true, 
            "items": [
                0.0, 
                0.0, 
                0.0
            ]
        }, 
        [
            0.0, 
            0.0, 
            0.0
        ], 
        [
            1.0, 
            1.0, 
            1.0
        ], 
        1.0, 
        {
            "anim": "idle1", 
            "base_color_mod": 1, 
            "base_tint_color": {
                "__tuple__": true, 
                "items": [
                    255, 
                    255, 
                    255, 
                    0.5
                ]
            }, 
            "is_loop": true, 
            "model": 103014, 
            "model_opacity": 1, 
            "offset": {
                "__tuple__": true, 
                "items": [
                    0, 
                    0, 
                    0
                ]
            }, 
            "rotate": {
                "__tuple__": true, 
                "items": [
                    0, 
                    0, 
                    0
                ]
            }, 
            "scale": {
                "__tuple__": true, 
                "items": [
                    0, 
                    0, 
                    0
                ]
            }, 
            "use_base_tint_color": false
        }
    ], 
    "effect_friend": [
        102155, 
        {
            "__tuple__": true, 
            "items": [
                0.0, 
                0.0, 
                0.0
            ]
        }, 
        [
            0.0, 
            0.0, 
            0.0
        ], 
        [
            1.0, 
            1.0, 
            1.0
        ], 
        1.0, 
        {
            "anim": "idle1", 
            "base_color_mod": 1, 
            "base_tint_color": {
                "__tuple__": true, 
                "items": [
                    255, 
                    255, 
                    255, 
                    0.5
                ]
            }, 
            "is_loop": true, 
            "model": 103014, 
            "model_opacity": 1, 
            "offset": {
                "__tuple__": true, 
                "items": [
                    0, 
                    0, 
                    0
                ]
            }, 
            "rotate": {
                "__tuple__": true, 
                "items": [
                    0, 
                    0, 
                    0
                ]
            }, 
            "scale": {
                "__tuple__": true, 
                "items": [
                    0, 
                    0, 
                    0
                ]
            }, 
            "use_base_tint_color": false
        }
    ], 
    "icon": 100000, 
    "key": 201348803, 
    "kv": {}, 
    "max_duration": 60, 
    "move_channel": 0, 
    "move_limitation": 3, 
    "name": 1298761182, 
    "sfx_loop": true, 
    "sound_event_list": {
        "__tuple__": true, 
        "items": []
    }, 
    "suffix": "", 
    "tags": {
        "__tuple__": true, 
        "items": []
    }, 
    "uid": "201348803"
}