{
 "f": [
  {
   "__tuple__": true, 
   "items": [
    "", 
    0, 
    2147483647, 
    "code_explorer_custom_root_folder_name"
   ]
  }, 
  {
   "__tuple__": true, 
   "items": [
    "/2147483647", 
    0, 
    "zkUCIYv5Ee2I6XC16EKB6t", 
    "\u89d2\u8272"
   ]
  }, 
  {
   "__tuple__": true, 
   "items": [
    "/2147483647", 
    1, 
    "zWJqT4v5Ee2N93C16EKB6l", 
    "\u4e92\u52a8"
   ]
  }
 ], 
 "d": {
  "134233817": {
   "__tuple__": true, 
   "items": [
    "zkUCIYv5Ee2I6XC16EKB6t", 
    0
   ]
  }, 
  "134271057": {
   "__tuple__": true, 
   "items": [
    "zWJqT4v5Ee2N93C16EKB6l", 
    0
   ]
  }, 
  "134248833": {
   "__tuple__": true, 
   "items": [
    "zWJqT4v5Ee2N93C16EKB6l", 
    1
   ]
  }
 }
}