{
 "f": [
  {
   "__tuple__": true, 
   "items": [
    "", 
    0, 
    2147483647, 
    "code_explorer_custom_root_folder_name"
   ]
  }, 
  {
   "__tuple__": true, 
   "items": [
    "/2147483647", 
    0, 
    "m2tZEYszEe2FU3C16EKB6s", 
    "A\uff1a\u89c6\u89c9\u6548\u679c"
   ]
  }
 ], 
 "d": {
  "134257442": {
   "__tuple__": true, 
   "items": [
    "m2tZEYszEe2FU3C16EKB6s", 
    0
   ]
  }, 
  "134239836": {
   "__tuple__": true, 
   "items": [
    "m2tZEYszEe2FU3C16EKB6s", 
    1
   ]
  }, 
  "134221007": {
   "__tuple__": true, 
   "items": [
    "m2tZEYszEe2FU3C16EKB6s", 
    2
   ]
  }
 }
}