{
 "f": [
  {
   "__tuple__": true, 
   "items": [
    "", 
    0, 
    2147483647, 
    "code_explorer_custom_root_folder_name"
   ]
  }, 
  {
   "__tuple__": true, 
   "items": [
    "/2147483647", 
    0, 
    "UiW5D4wREe2M3XC16EKB6m", 
    "Make"
   ]
  }
 ], 
 "d": {
  "134242770": {
   "__tuple__": true, 
   "items": [
    "UiW5D4wREe2M3XC16EKB6m", 
    0
   ]
  }, 
  "134259396": {
   "__tuple__": true, 
   "items": [
    "UiW5D4wREe2M3XC16EKB6m", 
    1
   ]
  }, 
  "134223504": {
   "__tuple__": true, 
   "items": [
    "UiW5D4wREe2M3XC16EKB6m", 
    2
   ]
  }, 
  "134283227": {
   "__tuple__": true, 
   "items": [
    "UiW5D4wREe2M3XC16EKB6m", 
    3
   ]
  }
 }
}