{
    "conf": {
        "1005545403": [], 
        "1050814149": [
            [
                "\u73a9\u5bb6", 
                100025
            ]
        ], 
        "1088937960": [], 
        "1089462881": [], 
        "1106226435": [], 
        "1109862358": [], 
        "1200832382": [
            [
                "unitOri", 
                100006
            ], 
            [
                "unitAim", 
                100006
            ], 
            [
                "string", 
                100003
            ]
        ], 
        "1209055487": [], 
        "1218660714": [
            [
                "interactKey", 
                100002
            ]
        ], 
        "1246962180": [], 
        "1254901938": [], 
        "1260781454": [], 
        "1267818135": [
            [
                "Key", 
                100003
            ]
        ], 
        "1286679292": [
            [
                "interactKey", 
                100002
            ]
        ], 
        "1304500358": [], 
        "1345655689": [], 
        "1348706260": [], 
        "1381982657": [], 
        "1403936679": [], 
        "1505151652": [
            [
                "Place", 
                100004
            ], 
            [
                "Velocity", 
                100000
            ]
        ], 
        "1525357515": [
            [
                "intID", 
                100002
            ]
        ], 
        "1525707106": [], 
        "1622278926": [], 
        "1625315861": [], 
        "1683572139": [], 
        "1736098088": [], 
        "1740156095": [
            [
                "\u65b9\u5757\u4f4d\u7f6e", 
                100002
            ]
        ], 
        "1761886255": [
            [
                "\u5173\u5361\u6570", 
                100002
            ]
        ], 
        "1768771027": [
            [
                "\u65b9\u5757\u4f4d\u7f6e", 
                100002
            ], 
            [
                "\u5f53\u524d\u9ad8\u5ea6", 
                100000
            ]
        ], 
        "1784815798": [], 
        "1788803594": [], 
        "1844767567": [
            [
                "\u73a9\u5bb6", 
                100025
            ], 
            [
                "\u5b9d\u7bb1", 
                100006
            ]
        ], 
        "2002580222": [
            [
                "\u65b9\u5757\u4f4d\u7f6e", 
                100002
            ], 
            [
                "\u5f53\u524d\u9ad8\u5ea6", 
                100000
            ]
        ], 
        "2026929156": [], 
        "2073730735": [
            [
                "interactKey", 
                100002
            ]
        ], 
        "2081670737": [], 
        "2083180842": [], 
        "2096995840": [
            [
                "\u65b9\u5757\u4f4d\u7f6e", 
                100002
            ]
        ]
    }, 
    "group_info": [
        {
            "__tuple__": true, 
            "items": [
                1784815798, 
                "DragCamera"
            ]
        }, 
        {
            "__tuple__": true, 
            "items": [
                2073730735, 
                "Talk"
            ]
        }, 
        {
            "__tuple__": true, 
            "items": [
                1218660714, 
                "Choose"
            ]
        }, 
        {
            "__tuple__": true, 
            "items": [
                1286679292, 
                "Make"
            ]
        }
    ]
}