{
    "local_variable": {
        "926134279": {
            "variable_dict": {
                "FLOAT": {
                    "NA": 0.0, 
                    "NAR": 0.0, 
                    "PA": 0.0, 
                    "PADown": 0.0, 
                    "PAR": 0.0, 
                    "PAUp": 0.0, 
                    "XR": 0.0, 
                    "XRTemp": 0.0, 
                    "YR": 0.0, 
                    "YRTemp": 0.0
                }
            }, 
            "variable_length_dict": {
                "NA": 0, 
                "NAR": 0, 
                "PA": 0, 
                "PADown": 0, 
                "PAR": 0, 
                "PAUp": 0, 
                "XR": 0, 
                "XRTemp": 0, 
                "YR": 0, 
                "YRTemp": 0
            }
        }, 
        "946913289": {
            "variable_dict": {
                "INTEGER": {
                    "interactKey": 0, 
                    "type": 0
                }, 
                "ITEM_NAME": {}
            }, 
            "variable_length_dict": {
                "interactKey": 0, 
                "type": 0
            }
        }, 
        "1461305355": {
            "variable_dict": {
                "INTEGER": {
                    "intNext": 0, 
                    "inyKey": 0
                }, 
                "ITEM_ENTITY": {
                    "item": 0
                }, 
                "ITEM_NAME": {
                    "itemType": 0
                }, 
                "STRING": {}, 
                "UNIT_NAME": {}
            }, 
            "variable_length_dict": {
                "intNext": 0, 
                "inyKey": 0, 
                "item": 0, 
                "itemType": 0
            }
        }, 
        "1673625607": {
            "variable_dict": {
                "INTEGER": {
                    "interactKey": 0
                }, 
                "ITEM_NAME": {
                    "interact": 0
                }, 
                "UNIT_ENTITY": {
                    "unit": 0
                }
            }, 
            "variable_length_dict": {
                "interact": 0, 
                "interactKey": 0, 
                "unit": 0
            }
        }, 
        "1776607237": {
            "variable_dict": {
                "STRING": {
                    "message": "", 
                    "str": ""
                }
            }, 
            "variable_length_dict": {
                "message": 0, 
                "str": 0
            }
        }, 
        "1878151176": {
            "variable_dict": {
                "INTEGER": {
                    "intKey": 0, 
                    "intNext": 0
                }, 
                "ITEM_NAME": {
                    "interact": 0
                }, 
                "STRING": {
                    "strTxtH": "", 
                    "strTxtT": ""
                }, 
                "TEXTURE": {
                    "imageB": 0, 
                    "imageH": 0
                }
            }, 
            "variable_length_dict": {
                "imageB": 0, 
                "imageH": 0, 
                "intKey": 0, 
                "intNext": 0, 
                "interact": 0, 
                "strTxtH": 0, 
                "strTxtT": 0
            }
        }, 
        "1981399050": {
            "variable_dict": {
                "INTEGER": {
                    "Key": 0, 
                    "intKey": 0, 
                    "nextKey": 0, 
                    "number": 0
                }, 
                "STRING": {
                    "txt": ""
                }
            }, 
            "variable_length_dict": {
                "Key": 0, 
                "intKey": 0, 
                "nextKey": 10, 
                "number": 0, 
                "txt": 10
            }
        }
    }, 
    "variable_comments": {}, 
    "variable_dict": {
        "BOOLEAN": {
            "BoolLock": false
        }, 
        "INTEGER": {}, 
        "PLAYER": {
            "PlayerLead": 0
        }, 
        "UNIT_ENTITY": {
            "UnitLead": 0
        }, 
        "UNIT_NAME": {}
    }, 
    "variable_group_info": [
        {
            "__tuple__": true, 
            "items": [
                "UnitLead", 
                "UnitLead"
            ]
        }, 
        {
            "__tuple__": true, 
            "items": [
                "BoolLock", 
                "BoolLock"
            ]
        }, 
        {
            "__tuple__": true, 
            "items": [
                "PlayerLead", 
                "PlayerLead"
            ]
        }
    ], 
    "variable_length_dict": {
        "BoolLock": 0, 
        "PlayerLead": 0, 
        "UnitLead": 0
    }
}