{
    "0": 1, 
    "1": 1, 
    "3": 0.0, 
    "5": 1, 
    "6": 0, 
    "100": 40.0, 
    "102": 0, 
    "104": 500, 
    "107": 0, 
    "108": 0, 
    "affect_techs": {
        "__tuple__": true, 
        "items": []
    }, 
    "agility": 10, 
    "agility_grow": 1, 
    "alarm_range": 8.0, 
    "angle_tolerance": 1.0, 
    "armor_type": 20000, 
    "attack_interval": 1.0, 
    "attack_interval_grow": 0, 
    "attack_mag": 50, 
    "attack_mag_grow": 2, 
    "attack_phy": 50.0, 
    "attack_phy_grow": 2, 
    "attack_range": 10.0, 
    "attack_range_grow": 0, 
    "attack_speed": 100, 
    "attack_speed_grow": 0, 
    "attack_type": 10000, 
    "back_range": 120, 
    "bar_show_name": 0, 
    "bar_show_scale": true, 
    "bar_show_title": false, 
    "bar_slot_size": 6, 
    "bar_title_style": 0, 
    "base_color_mod": 1, 
    "base_tint_color": {
        "__tuple__": true, 
        "items": [
            255, 
            255, 
            255, 
            0.5
        ]
    }, 
    "billboard_height_offset": 0.0, 
    "billboard_name_font": "DFPYuanW7-GB", 
    "billboard_scale_x": 1.0, 
    "billboard_scale_y": 1.0, 
    "blood_bar": 0, 
    "blood_show_type": 0, 
    "body_size": 1.0, 
    "box_angle": 360, 
    "box_length1": 0, 
    "box_length2": 0, 
    "box_r": 6, 
    "box_type": 2, 
    "build_precondition_list": {
        "__tuple__": true, 
        "items": []
    }, 
    "build_res_cost_list": {
        "__tuple__": true, 
        "items": []
    }, 
    "building_rotatable": true, 
    "buy_res_list": {
        "__tuple__": true, 
        "items": []
    }, 
    "can_flee": true, 
    "cancel_alarm_range": 10.0, 
    "cd_reduce": 0, 
    "cd_reduce_grow": 0, 
    "collision": 1, 
    "collision_box_turning_enable": false, 
    "collision_points": {
        "__tuple__": true, 
        "items": []
    }, 
    "combat_range": 90, 
    "common_ability_list": {
        "__tuple__": true, 
        "items": [
            [
                201388357, 
                1
            ]
        ]
    }, 
    "common_atk": {
        "__tuple__": true, 
        "items": [
            201368113, 
            1
        ]
    }, 
    "common_atk_type": 2, 
    "copper_coin": 100.0, 
    "critical_chance": 0, 
    "critical_chance_grow": 0, 
    "critical_dmg": 200, 
    "critical_dmg_grow": 0, 
    "custom_1": 0, 
    "custom_1_grow": 0, 
    "default_behaviour_type": "caution", 
    "defense_mag": 10, 
    "defense_mag_grow": 5, 
    "defense_phy": 10, 
    "defense_phy_grow": 5, 
    "description": 198334050, 
    "destroy_after_die": false, 
    "die_anim": "die", 
    "disk_shadow_size": 1, 
    "dmg_reduction": 0, 
    "dmg_reduction_grow": 0, 
    "dodge_rate": 0, 
    "dodge_rate_grow": 0, 
    "drop_item": {
        "__tuple__": true, 
        "items": []
    }, 
    "drop_items_tuple": {
        "__tuple__": true, 
        "items": []
    }, 
    "dye_color": "Blue", 
    "dye_color_plan": 0, 
    "dynamic_collision_r": 0.5, 
    "dynamic_collision_type": 1, 
    "dynamic_collision_x": 1, 
    "dynamic_collision_z": 1, 
    "enemy_mini_map_icon": 100000, 
    "extra_dmg": 0, 
    "extra_dmg_grow": 0, 
    "force_show_on_mini_map": false, 
    "fresnel_color": [
        255, 
        0, 
        0, 
        1
    ], 
    "fresnel_emissive_color_strength": 0, 
    "fresnel_exp": 1, 
    "gainvalue": 0, 
    "gainvalue_grow": 0, 
    "gold_coin": 100.0, 
    "has_mp": true, 
    "has_shield": true, 
    "heal_effect": 0, 
    "heal_effect_grow": 0, 
    "healing_effect": 0.0, 
    "healing_effect_grow": 0.0, 
    "height_offset": 0, 
    "hero_ability_list": {
        "__tuple__": true, 
        "items": [
            [
                201370444, 
                1
            ], 
            [
                201350077, 
                1
            ], 
            [
                201339762, 
                1
            ]
        ]
    }, 
    "hit_rate": 100, 
    "hit_rate_grow": 0, 
    "hp_max": 10000.0, 
    "hp_max_grow": 100, 
    "hp_rec": 10, 
    "hp_rec_grow": 1, 
    "icon": 101624, 
    "idle_anim": "idle1", 
    "init_stock": 5, 
    "intelligence": 10, 
    "intelligence_grow": 1, 
    "is_apply_role_color": false, 
    "is_mini_map_show": true, 
    "is_open_Xray": false, 
    "is_open_disk_shadow": false, 
    "is_open_outline_pass": false, 
    "is_shop": false, 
    "is_x_offset": 1, 
    "is_z_offset": 1, 
    "keep_dead_body_time": 5, 
    "keep_target": true, 
    "key": 201374418, 
    "kv": {}, 
    "level": 1, 
    "logic_rotate_speed_valid": false, 
    "logic_upper_rotate_speed_valid": false, 
    "main_attr": "strength", 
    "max_stock": 5, 
    "mini_map_icon": 0, 
    "mini_map_icon_scale": 1, 
    "model": 100651, 
    "model_height": 0.0, 
    "model_opacity": 1, 
    "move_channel": 0, 
    "move_limitation": 9, 
    "move_type": 32, 
    "mp_color": "Blue", 
    "mp_key": "MP", 
    "mp_max": 600, 
    "mp_max_grow": 50, 
    "mp_rec": 80, 
    "mp_rec_grow": 2, 
    "name": 1312114232, 
    "need_preview_billboard": true, 
    "ori_bits": 0, 
    "ori_speed": 3.0, 
    "ori_speed_grow": 0, 
    "passive_ability_list": {
        "__tuple__": true, 
        "items": []
    }, 
    "pene_mag": 0, 
    "pene_mag_grow": 0, 
    "pene_mag_ratio": 0, 
    "pene_mag_ratio_grow": 0, 
    "pene_phy": 0, 
    "pene_phy_grow": 0, 
    "pene_phy_ratio": 0, 
    "pene_phy_ratio_grow": 0, 
    "pkg_slot_size": 60, 
    "precondition_list": {
        "__tuple__": true, 
        "items": []
    }, 
    "preview_billboard_health_value": 10000.0, 
    "refresh_interval": 1.0, 
    "research_techs": {
        "__tuple__": true, 
        "items": []
    }, 
    "resilience": 0, 
    "resilience_grow": 0, 
    "reward_custom_res_1": 250.0, 
    "reward_custom_res_2": 18.0, 
    "reward_custom_res_3": 14.0, 
    "reward_exp": 10, 
    "reward_official_res_1": 0, 
    "reward_official_res_2": 3.0, 
    "role_color_scale": 1.0, 
    "rotate_speed": 9.42, 
    "scale": 1.2, 
    "sell_list": {
        "__tuple__": true, 
        "items": []
    }, 
    "sell_res_list": {
        "__tuple__": true, 
        "items": []
    }, 
    "separate_enemy_icon": false, 
    "shop_camp_args": 3, 
    "shop_key": {
        "__tuple__": true, 
        "items": []
    }, 
    "shop_range": 10, 
    "shop_select": false, 
    "shop_sell_type": 0, 
    "show_y3_extra_info": false, 
    "silver_coin": 100.0, 
    "simple_common_atk": {
        "ability_animations": {
            "__tuple__": true, 
            "items": []
        }, 
        "ability_bw_point": 0.5, 
        "ability_cast_point": 0.2, 
        "attack_trajectory": {
            "effect": 0, 
            "follow_scale": true, 
            "scale": 1.0, 
            "socket": "origin"
        }, 
        "cast_effect_list": {
            "__tuple__": true, 
            "items": []
        }, 
        "cast_sound": 0, 
        "critical_anim": "attack1", 
        "damage": 100.0, 
        "damage_type": 0, 
        "filter_condition_camp": 1, 
        "filter_condition_type": 7, 
        "hit_effect": {
            "effect": 0, 
            "follow_scale": true, 
            "scale": 1.0, 
            "socket": "origin"
        }, 
        "hit_sound": 0, 
        "order_play_anim": false, 
        "order_play_reset_time": 0.5, 
        "trajectory_radian": 1.0, 
        "trajectory_speed": 1000.0
    }, 
    "sound_event_list": {
        "__tuple__": true, 
        "items": []
    }, 
    "special_idle_anim": "idle2", 
    "speed_ratio_in_turn": 0.6, 
    "standard_walk_rate": 36, 
    "start_rft": 1.0, 
    "strength": 10, 
    "strength_grow": 1, 
    "suffix": "", 
    "support_range": 50, 
    "tags": {
        "__tuple__": true, 
        "items": [
            "warrior"
        ]
    }, 
    "theme": 1, 
    "title_bg_opacity": 1.0, 
    "title_bg_scale": 1.0, 
    "title_font_type": "gui/fonts/hy_yakuhei_65w.ttf", 
    "title_scale": 1.0, 
    "title_text_size": 40, 
    "turn_speed": 1, 
    "type": 1, 
    "uid": "201374418", 
    "unit_title": "", 
    "use_base_tint_color": false, 
    "use_fresnel": false, 
    "use_simple_mini_map_icon": false, 
    "vampire_mag": 0, 
    "vampire_mag_grow": 0, 
    "vampire_phy": 0, 
    "vampire_phy_grow": 0, 
    "vect_drawing": 0, 
    "view_type": 0, 
    "vision_night": 8.0, 
    "vision_night_grow": 0, 
    "vision_rng": 8.0, 
    "vision_rng_grow": 0, 
    "vision_sector_angle_day": 0, 
    "vision_sector_angle_day_grow": 0, 
    "vision_sector_angle_night": 0, 
    "vision_sector_angle_night_grow": 0, 
    "vision_sector_night": 0, 
    "vision_sector_night_grow": 0, 
    "vision_sector_rng": 0, 
    "vision_sector_rng_grow": 0, 
    "vision_true": 0, 
    "vision_true_grow": 0, 
    "walk_anim": "walk", 
    "width_offset": 0
}