{
    "trigger_dict": {
        "946913289": {
            "action": [
                {
                    "action_type": "CALL_TRIGGER_FUNC", 
                    "args_list": [
                        {
                            "arg_type": 100177, 
                            "args_list": [
                                {
                                    "arg_type": 100003, 
                                    "args_list": [
                                        {
                                            "arg_type": 100003, 
                                            "args_list": [
                                                "\u8fdb\u884c\u4e92\u52a8\u7684Key\u662f\uff1a"
                                            ], 
                                            "sub_type": 1
                                        }, 
                                        {
                                            "arg_type": 100003, 
                                            "args_list": [
                                                {
                                                    "arg_type": 100002, 
                                                    "args_list": [
                                                        {
                                                            "__tuple__": true, 
                                                            "items": [
                                                                "INTEGER", 
                                                                "interactKey", 
                                                                "local"
                                                            ]
                                                        }
                                                    ], 
                                                    "sub_type": 6
                                                }
                                            ], 
                                            "sub_type": "ANY_VAR_TO_STR"
                                        }
                                    ], 
                                    "op_arg": [
                                        null, 
                                        null, 
                                        null, 
                                        null, 
                                        null, 
                                        null, 
                                        null, 
                                        null
                                    ], 
                                    "op_arg_enable": [
                                        false, 
                                        false, 
                                        false, 
                                        false, 
                                        false, 
                                        false, 
                                        false, 
                                        false
                                    ], 
                                    "sub_type": "STR_JOIN"
                                }
                            ], 
                            "op_arg": [], 
                            "op_arg_enable": [], 
                            "sub_type": "623ae2e18b3411ed94a470b5e84281ea"
                        }
                    ], 
                    "bp": false, 
                    "call_rt_arg_idxes": [], 
                    "element_id": 946913289000126, 
                    "enable": true
                }, 
                {
                    "action_type": "SET_VARIABLE", 
                    "args_list": [
                        {
                            "arg_type": 100030, 
                            "args_list": [
                                {
                                    "__tuple__": true, 
                                    "items": [
                                        "INTEGER", 
                                        "type", 
                                        "local"
                                    ]
                                }
                            ], 
                            "sub_type": 1
                        }, 
                        {
                            "arg_type": 100002, 
                            "args_list": [
                                {
                                    "arg_type": 100011, 
                                    "args_list": [
                                        4
                                    ], 
                                    "sub_type": 1
                                }, 
                                {
                                    "arg_type": 100002, 
                                    "args_list": [
                                        {
                                            "__tuple__": true, 
                                            "items": [
                                                "INTEGER", 
                                                "interactKey", 
                                                "local"
                                            ]
                                        }
                                    ], 
                                    "sub_type": 6
                                }, 
                                {
                                    "arg_type": 100003, 
                                    "args_list": [
                                        "type"
                                    ], 
                                    "sub_type": 1
                                }
                            ], 
                            "sub_type": "GET_INTEGER_TABLE_VAR_ND"
                        }
                    ], 
                    "bp": false, 
                    "element_id": 946913289000134, 
                    "enable": true
                }, 
                {
                    "action_type": "STORAGE_BOX", 
                    "args_list": [
                        {
                            "arg_type": 100021, 
                            "args_list": [], 
                            "sub_type": 1
                        }, 
                        {
                            "arg_type": 100022, 
                            "args_list": [
                                {
                                    "action_type": "IF_THEN_ELSE", 
                                    "args_list": [
                                        {
                                            "arg_type": 100021, 
                                            "args_list": [
                                                {
                                                    "args_list": [
                                                        {
                                                            "arg_type": 100002, 
                                                            "args_list": [
                                                                {
                                                                    "__tuple__": true, 
                                                                    "items": [
                                                                        "INTEGER", 
                                                                        "type", 
                                                                        "local"
                                                                    ]
                                                                }
                                                            ], 
                                                            "sub_type": 6
                                                        }, 
                                                        {
                                                            "arg_type": 100015, 
                                                            "args_list": [
                                                                "=="
                                                            ], 
                                                            "sub_type": 1
                                                        }, 
                                                        {
                                                            "arg_type": 100002, 
                                                            "args_list": [
                                                                1
                                                            ], 
                                                            "sub_type": 1
                                                        }
                                                    ], 
                                                    "condition_type": "FLOAT_COMPARE", 
                                                    "element_id": 1673625607000117, 
                                                    "enable": true
                                                }
                                            ], 
                                            "sub_type": 1
                                        }, 
                                        {
                                            "arg_type": 100022, 
                                            "args_list": [
                                                {
                                                    "action_type": "SEND_CUSTOM_EVENT", 
                                                    "args_list": [
                                                        {
                                                            "arg_type": 100238, 
                                                            "args_list": [
                                                                2073730735
                                                            ], 
                                                            "sub_type": 1
                                                        }, 
                                                        {
                                                            "arg_type": 100002, 
                                                            "args_list": [
                                                                {
                                                                    "__tuple__": true, 
                                                                    "items": [
                                                                        "INTEGER", 
                                                                        "interactKey", 
                                                                        "local"
                                                                    ]
                                                                }
                                                            ], 
                                                            "sub_type": 6
                                                        }
                                                    ], 
                                                    "bp": false, 
                                                    "element_id": 946913289000018, 
                                                    "enable": true
                                                }
                                            ], 
                                            "sub_type": 1
                                        }, 
                                        {
                                            "arg_type": 100022, 
                                            "args_list": [], 
                                            "sub_type": 1
                                        }
                                    ], 
                                    "bp": false, 
                                    "element_id": 1673625607000096, 
                                    "enable": true, 
                                    "fake_op": [
                                        2
                                    ]
                                }, 
                                {
                                    "action_type": "IF_THEN_ELSE", 
                                    "args_list": [
                                        {
                                            "arg_type": 100021, 
                                            "args_list": [
                                                {
                                                    "args_list": [
                                                        {
                                                            "arg_type": 100002, 
                                                            "args_list": [
                                                                [
                                                                    "INTEGER", 
                                                                    "type", 
                                                                    "local"
                                                                ]
                                                            ], 
                                                            "sub_type": 6
                                                        }, 
                                                        {
                                                            "arg_type": 100015, 
                                                            "args_list": [
                                                                "=="
                                                            ], 
                                                            "sub_type": 1
                                                        }, 
                                                        {
                                                            "arg_type": 100002, 
                                                            "args_list": [
                                                                2
                                                            ], 
                                                            "sub_type": 1
                                                        }
                                                    ], 
                                                    "condition_type": "FLOAT_COMPARE", 
                                                    "element_id": 946913289000138, 
                                                    "enable": true
                                                }
                                            ], 
                                            "sub_type": 1
                                        }, 
                                        {
                                            "arg_type": 100022, 
                                            "args_list": [
                                                {
                                                    "action_type": "SEND_CUSTOM_EVENT", 
                                                    "args_list": [
                                                        {
                                                            "arg_type": 100238, 
                                                            "args_list": [
                                                                1218660714
                                                            ], 
                                                            "sub_type": 1
                                                        }, 
                                                        {
                                                            "arg_type": 100002, 
                                                            "args_list": [
                                                                [
                                                                    "INTEGER", 
                                                                    "interactKey", 
                                                                    "local"
                                                                ]
                                                            ], 
                                                            "sub_type": 6
                                                        }
                                                    ], 
                                                    "bp": false, 
                                                    "element_id": 946913289000143, 
                                                    "enable": true
                                                }
                                            ], 
                                            "sub_type": 1
                                        }, 
                                        {
                                            "arg_type": 100022, 
                                            "args_list": [], 
                                            "sub_type": 1
                                        }
                                    ], 
                                    "bp": false, 
                                    "element_id": 946913289000136, 
                                    "enable": true, 
                                    "fake_op": [
                                        2
                                    ]
                                }, 
                                {
                                    "action_type": "IF_THEN_ELSE", 
                                    "args_list": [
                                        {
                                            "arg_type": 100021, 
                                            "args_list": [
                                                {
                                                    "args_list": [
                                                        {
                                                            "arg_type": 100002, 
                                                            "args_list": [
                                                                [
                                                                    "INTEGER", 
                                                                    "type", 
                                                                    "local"
                                                                ]
                                                            ], 
                                                            "sub_type": 6
                                                        }, 
                                                        {
                                                            "arg_type": 100015, 
                                                            "args_list": [
                                                                "=="
                                                            ], 
                                                            "sub_type": 1
                                                        }, 
                                                        {
                                                            "arg_type": 100002, 
                                                            "args_list": [
                                                                3
                                                            ], 
                                                            "sub_type": 1
                                                        }
                                                    ], 
                                                    "condition_type": "FLOAT_COMPARE", 
                                                    "element_id": 946913289000152, 
                                                    "enable": true
                                                }
                                            ], 
                                            "sub_type": 1
                                        }, 
                                        {
                                            "arg_type": 100022, 
                                            "args_list": [
                                                {
                                                    "action_type": "SEND_CUSTOM_EVENT", 
                                                    "args_list": [
                                                        {
                                                            "arg_type": 100238, 
                                                            "args_list": [
                                                                1286679292
                                                            ], 
                                                            "sub_type": 1
                                                        }, 
                                                        {
                                                            "arg_type": 100002, 
                                                            "args_list": [
                                                                [
                                                                    "INTEGER", 
                                                                    "interactKey", 
                                                                    "local"
                                                                ]
                                                            ], 
                                                            "sub_type": 6
                                                        }
                                                    ], 
                                                    "bp": false, 
                                                    "element_id": 946913289000157, 
                                                    "enable": true
                                                }
                                            ], 
                                            "sub_type": 1
                                        }, 
                                        {
                                            "arg_type": 100022, 
                                            "args_list": [], 
                                            "sub_type": 1
                                        }
                                    ], 
                                    "bp": false, 
                                    "element_id": 946913289000150, 
                                    "enable": true, 
                                    "fake_op": [
                                        2
                                    ]
                                }
                            ], 
                            "sub_type": 1
                        }, 
                        {
                            "arg_type": 100022, 
                            "args_list": [], 
                            "sub_type": 1
                        }, 
                        {
                            "arg_type": 100003, 
                            "args_list": [
                                "\u5224\u65ad\u4e92\u52a8\u7c7b\u578b"
                            ], 
                            "sub_type": 1
                        }
                    ], 
                    "bp": false, 
                    "element_id": 1673625607000089, 
                    "enable": true
                }
            ], 
            "call_enabled": true, 
            "condition": [], 
            "enabled": true, 
            "event": [], 
            "func_category": "t_function", 
            "func_comment": "", 
            "func_des": "\u5bf9\u76ee\u6807Key\uff1a{interactKey}\u8fdb\u884c\u4e92\u52a8", 
            "func_id": "d10205a18c0111ed86a270b5e84281ea", 
            "func_name": "X02\uff1a\u4e92\u52a8", 
            "func_param_list": [
                {
                    "__tuple__": true, 
                    "items": [
                        "interactKey", 
                        true
                    ]
                }
            ], 
            "group_id": "Qu3iwIs0Ee20-nC16EKB6p", 
            "is_func": true, 
            "is_official_func": false, 
            "p_trigger_id": null, 
            "trigger_id": 946913289, 
            "trigger_name": "X02\uff1a\u4e92\u52a8", 
            "valid": true
        }, 
        "1776607237": {
            "action": [
                {
                    "action_type": "SET_VARIABLE", 
                    "args_list": [
                        {
                            "arg_type": 100030, 
                            "args_list": [
                                [
                                    "STRING", 
                                    "message", 
                                    "local"
                                ]
                            ], 
                            "sub_type": 1
                        }, 
                        {
                            "arg_type": 100003, 
                            "args_list": [
                                {
                                    "arg_type": 100003, 
                                    "args_list": [
                                        {
                                            "arg_type": 100003, 
                                            "args_list": [
                                                "Debug\uff08time\uff1b"
                                            ], 
                                            "sub_type": 1
                                        }, 
                                        {
                                            "arg_type": 100003, 
                                            "args_list": [
                                                {
                                                    "arg_type": 100002, 
                                                    "args_list": [], 
                                                    "sub_type": "GET_LOCAL_TIME_STAMP"
                                                }
                                            ], 
                                            "sub_type": "ANY_VAR_TO_STR"
                                        }
                                    ], 
                                    "op_arg": [
                                        null, 
                                        null, 
                                        null, 
                                        null, 
                                        null, 
                                        null, 
                                        null, 
                                        null
                                    ], 
                                    "op_arg_enable": [
                                        false, 
                                        false, 
                                        false, 
                                        false, 
                                        false, 
                                        false, 
                                        false, 
                                        false
                                    ], 
                                    "sub_type": "STR_JOIN"
                                }, 
                                {
                                    "arg_type": 100003, 
                                    "args_list": [
                                        "\uff09\uff1a"
                                    ], 
                                    "sub_type": 1
                                }
                            ], 
                            "op_arg": [
                                null, 
                                null, 
                                null, 
                                null, 
                                null, 
                                null, 
                                null, 
                                null
                            ], 
                            "op_arg_enable": [
                                false, 
                                false, 
                                false, 
                                false, 
                                false, 
                                false, 
                                false, 
                                false
                            ], 
                            "sub_type": "STR_JOIN"
                        }
                    ], 
                    "bp": false, 
                    "element_id": 1776607237000018, 
                    "enable": true
                }, 
                {
                    "action_type": "SET_VARIABLE", 
                    "args_list": [
                        {
                            "arg_type": 100030, 
                            "args_list": [
                                {
                                    "__tuple__": true, 
                                    "items": [
                                        "STRING", 
                                        "message", 
                                        "local"
                                    ]
                                }
                            ], 
                            "sub_type": 1
                        }, 
                        {
                            "arg_type": 100003, 
                            "args_list": [
                                {
                                    "arg_type": 100003, 
                                    "args_list": [
                                        {
                                            "__tuple__": true, 
                                            "items": [
                                                "STRING", 
                                                "message", 
                                                "local"
                                            ]
                                        }
                                    ], 
                                    "sub_type": 2
                                }, 
                                {
                                    "arg_type": 100003, 
                                    "args_list": [
                                        {
                                            "__tuple__": true, 
                                            "items": [
                                                "STRING", 
                                                "str", 
                                                "local"
                                            ]
                                        }
                                    ], 
                                    "sub_type": 2
                                }
                            ], 
                            "op_arg": [
                                null, 
                                null, 
                                null, 
                                null, 
                                null, 
                                null, 
                                null, 
                                null
                            ], 
                            "op_arg_enable": [
                                false, 
                                false, 
                                false, 
                                false, 
                                false, 
                                false, 
                                false, 
                                false
                            ], 
                            "sub_type": "STR_JOIN"
                        }
                    ], 
                    "bp": false, 
                    "element_id": 1776607237000016, 
                    "enable": true
                }, 
                {
                    "action_type": "DISPLAY_INFO_TO_PLAYER", 
                    "args_list": [
                        {
                            "arg_type": 100027, 
                            "args_list": [], 
                            "sub_type": "ALL_PLAYER"
                        }, 
                        {
                            "arg_type": 100003, 
                            "args_list": [
                                {
                                    "__tuple__": true, 
                                    "items": [
                                        "STRING", 
                                        "message", 
                                        "local"
                                    ]
                                }
                            ], 
                            "sub_type": 2
                        }, 
                        {
                            "arg_type": 100001, 
                            "args_list": [
                                false
                            ], 
                            "sub_type": 1
                        }
                    ], 
                    "bp": false, 
                    "element_id": 1776607237000006, 
                    "enable": true
                }, 
                {
                    "action_type": "PRINT_MESSAGE_ACTION_TO_DIALOG", 
                    "args_list": [
                        {
                            "arg_type": 100175, 
                            "args_list": [
                                3
                            ], 
                            "sub_type": 1
                        }, 
                        {
                            "arg_type": 100003, 
                            "args_list": [
                                {
                                    "__tuple__": true, 
                                    "items": [
                                        "STRING", 
                                        "message", 
                                        "local"
                                    ]
                                }
                            ], 
                            "sub_type": 2
                        }
                    ], 
                    "bp": false, 
                    "element_id": 1776607237000012, 
                    "enable": true
                }
            ], 
            "call_enabled": true, 
            "condition": [], 
            "enabled": true, 
            "event": [], 
            "func_category": "t_function", 
            "func_comment": "", 
            "func_des": "Debug\u5b57\u7b26\u4e32\u4fe1\u606f\uff1a{str}", 
            "func_id": "623ae2e18b3411ed94a470b5e84281ea", 
            "func_name": "X01\uff1a\u4fe1\u606f\u663e\u793a", 
            "func_param_list": [
                {
                    "__tuple__": true, 
                    "items": [
                        "str", 
                        true
                    ]
                }
            ], 
            "group_id": "Qu3iwIs0Ee20-nC16EKB6p", 
            "is_func": true, 
            "is_official_func": false, 
            "p_trigger_id": null, 
            "trigger_id": 1776607237, 
            "trigger_name": "X01\uff1a\u4fe1\u606f\u663e\u793a", 
            "valid": true
        }
    }, 
    "trigger_group_info": {
        "_function_": true, 
        "_trigger_group_": true, 
        "group": [
            {
                "__tuple__": true, 
                "items": [
                    1776607237, 
                    "X01\uff1a\u4fe1\u606f\u663e\u793a"
                ]
            }, 
            {
                "__tuple__": true, 
                "items": [
                    946913289, 
                    "X02\uff1a\u4e92\u52a8"
                ]
            }
        ], 
        "is_sub_folder": false, 
        "key": "Qu3iwIs0Ee20-nC16EKB6p", 
        "name": "X\uff1a\u6267\u884c"
    }
}