{
    "trigger_dict": {
        "665427971": {
            "action": [
                {
                    "action_type": "STORAGE_BOX", 
                    "args_list": [
                        {
                            "arg_type": 100021, 
                            "args_list": [], 
                            "sub_type": 1
                        }, 
                        {
                            "arg_type": 100022, 
                            "args_list": [], 
                            "sub_type": 1
                        }, 
                        {
                            "arg_type": 100022, 
                            "args_list": [], 
                            "sub_type": 1
                        }, 
                        {
                            "arg_type": 100003, 
                            "args_list": [
                                "box"
                            ], 
                            "sub_type": 1
                        }
                    ], 
                    "bp": false, 
                    "element_id": 665427971000003, 
                    "enable": true
                }, 
                {
                    "action_type": "STORAGE_BOX", 
                    "args_list": [
                        {
                            "arg_type": 100021, 
                            "args_list": [], 
                            "sub_type": 1
                        }, 
                        {
                            "arg_type": 100022, 
                            "args_list": [
                                {
                                    "action_type": "SET_VARIABLE", 
                                    "args_list": [
                                        {
                                            "arg_type": 100030, 
                                            "args_list": [
                                                [
                                                    "BOOLEAN", 
                                                    "BoolLock"
                                                ]
                                            ], 
                                            "sub_type": 1
                                        }, 
                                        {
                                            "arg_type": 100001, 
                                            "args_list": [
                                                true
                                            ], 
                                            "sub_type": 1
                                        }
                                    ], 
                                    "bp": false, 
                                    "element_id": 253681670000060, 
                                    "enable": true
                                }, 
                                {
                                    "action_type": "CALL_TRIGGER_FUNC", 
                                    "args_list": [
                                        {
                                            "arg_type": 100177, 
                                            "args_list": [
                                                {
                                                    "arg_type": 100003, 
                                                    "args_list": [
                                                        "\u4e0a\u9501\uff1b\u9f20\u6807\u53f3\u952e\u62d6\u62c9\u89c6\u89d2"
                                                    ], 
                                                    "sub_type": 1
                                                }
                                            ], 
                                            "op_arg": [], 
                                            "op_arg_enable": [], 
                                            "sub_type": "623ae2e18b3411ed94a470b5e84281ea"
                                        }
                                    ], 
                                    "bp": false, 
                                    "call_rt_arg_idxes": [], 
                                    "element_id": 253681670000062, 
                                    "enable": true
                                }
                            ], 
                            "sub_type": 1
                        }, 
                        {
                            "arg_type": 100022, 
                            "args_list": [], 
                            "sub_type": 1
                        }, 
                        {
                            "arg_type": 100003, 
                            "args_list": [
                                "\u4e0a\u9501"
                            ], 
                            "sub_type": 1
                        }
                    ], 
                    "bp": false, 
                    "element_id": 750596100000040, 
                    "enable": true
                }, 
                {
                    "action_type": "STORAGE_BOX", 
                    "args_list": [
                        {
                            "arg_type": 100021, 
                            "args_list": [], 
                            "sub_type": 1
                        }, 
                        {
                            "arg_type": 100022, 
                            "args_list": [
                                {
                                    "action_type": "SET_VARIABLE", 
                                    "args_list": [
                                        {
                                            "arg_type": 100030, 
                                            "args_list": [
                                                [
                                                    "BOOLEAN", 
                                                    "BoolLock"
                                                ]
                                            ], 
                                            "sub_type": 1
                                        }, 
                                        {
                                            "arg_type": 100001, 
                                            "args_list": [
                                                false
                                            ], 
                                            "sub_type": 1
                                        }
                                    ], 
                                    "bp": false, 
                                    "element_id": 926134279000089, 
                                    "enable": true
                                }, 
                                {
                                    "action_type": "CALL_TRIGGER_FUNC", 
                                    "args_list": [
                                        {
                                            "arg_type": 100177, 
                                            "args_list": [
                                                {
                                                    "arg_type": 100003, 
                                                    "args_list": [
                                                        "\u89e3\u9501\uff1b\u9f20\u6807\u53f3\u952e\u62d6\u62c9\u89c6\u89d2"
                                                    ], 
                                                    "sub_type": 1
                                                }
                                            ], 
                                            "op_arg": [], 
                                            "op_arg_enable": [], 
                                            "sub_type": "623ae2e18b3411ed94a470b5e84281ea"
                                        }
                                    ], 
                                    "bp": false, 
                                    "call_rt_arg_idxes": [], 
                                    "element_id": 926134279000093, 
                                    "enable": true
                                }
                            ], 
                            "sub_type": 1
                        }, 
                        {
                            "arg_type": 100022, 
                            "args_list": [], 
                            "sub_type": 1
                        }, 
                        {
                            "arg_type": 100003, 
                            "args_list": [
                                "\u89e3\u9501"
                            ], 
                            "sub_type": 1
                        }
                    ], 
                    "bp": false, 
                    "element_id": 926134279000072, 
                    "enable": true
                }
            ], 
            "call_enabled": true, 
            "condition": [], 
            "enabled": false, 
            "event": [], 
            "group_id": 0, 
            "p_trigger_id": null, 
            "trigger_id": 665427971, 
            "trigger_name": "AZ\uff1a\u5e38\u7528\u7ec4\u4ef6", 
            "valid": true
        }, 
        "950517762": {
            "action": [
                [
                    1426163519, 
                    "Welcome to CliCli", 
                    950517762, 
                    "action_type"
                ], 
                {
                    "action_type": "PRINT_MESSAGE_ACTION_TO_DIALOG", 
                    "args_list": [
                        {
                            "arg_type": 100175, 
                            "args_list": [
                                3
                            ], 
                            "sub_type": 1
                        }, 
                        {
                            "arg_type": 100003, 
                            "args_list": [
                                "Hello World!"
                            ], 
                            "sub_type": 1
                        }
                    ], 
                    "bp": false, 
                    "element_id": 14870405130005, 
                    "enable": true
                }, 
                {
                    "action_type": "STORAGE_BOX", 
                    "args_list": [
                        {
                            "arg_type": 100021, 
                            "args_list": [], 
                            "sub_type": 1
                        }, 
                        {
                            "arg_type": 100022, 
                            "args_list": [
                                {
                                    "action_type": "SET_VARIABLE", 
                                    "args_list": [
                                        {
                                            "arg_type": 100030, 
                                            "args_list": [
                                                [
                                                    "UNIT_ENTITY", 
                                                    "UnitLead"
                                                ]
                                            ], 
                                            "sub_type": 1
                                        }, 
                                        {
                                            "arg_type": 100006, 
                                            "args_list": [
                                                2
                                            ], 
                                            "sub_type": 1
                                        }
                                    ], 
                                    "bp": false, 
                                    "element_id": 950517762000029, 
                                    "enable": true
                                }, 
                                {
                                    "action_type": "SET_VARIABLE", 
                                    "args_list": [
                                        {
                                            "arg_type": 100030, 
                                            "args_list": [
                                                [
                                                    "PLAYER", 
                                                    "PlayerLead"
                                                ]
                                            ], 
                                            "sub_type": 1
                                        }, 
                                        {
                                            "arg_type": 100025, 
                                            "args_list": [
                                                1
                                            ], 
                                            "sub_type": 1
                                        }
                                    ], 
                                    "bp": false, 
                                    "element_id": 950517762000063, 
                                    "enable": true
                                }
                            ], 
                            "sub_type": 1
                        }, 
                        {
                            "arg_type": 100022, 
                            "args_list": [], 
                            "sub_type": 1
                        }, 
                        {
                            "arg_type": 100003, 
                            "args_list": [
                                "\u521d\u59cb\u5316\u4fe1\u606f"
                            ], 
                            "sub_type": 1
                        }
                    ], 
                    "bp": false, 
                    "element_id": 665427971000003, 
                    "enable": true
                }, 
                {
                    "action_type": "STORAGE_BOX", 
                    "args_list": [
                        {
                            "arg_type": 100021, 
                            "args_list": [], 
                            "sub_type": 1
                        }, 
                        {
                            "arg_type": 100022, 
                            "args_list": [
                                {
                                    "action_type": "SET_VARIABLE", 
                                    "args_list": [
                                        {
                                            "arg_type": 100030, 
                                            "args_list": [
                                                [
                                                    "BOOLEAN", 
                                                    "BoolLock"
                                                ]
                                            ], 
                                            "sub_type": 1
                                        }, 
                                        {
                                            "arg_type": 100001, 
                                            "args_list": [
                                                false
                                            ], 
                                            "sub_type": 1
                                        }
                                    ], 
                                    "bp": false, 
                                    "element_id": 950517762000031, 
                                    "enable": true
                                }, 
                                {
                                    "action_type": "SET_ROLE_MOUSE_MOVE_SELECT", 
                                    "args_list": [
                                        {
                                            "arg_type": 100025, 
                                            "args_list": [
                                                [
                                                    "PLAYER", 
                                                    "PlayerLead"
                                                ]
                                            ], 
                                            "sub_type": "VARIABLE"
                                        }, 
                                        {
                                            "arg_type": 100048, 
                                            "args_list": [
                                                false
                                            ], 
                                            "sub_type": 1
                                        }
                                    ], 
                                    "bp": false, 
                                    "element_id": 950517762000067, 
                                    "enable": true
                                }, 
                                {
                                    "action_type": "SET_ROLE_MOUSE_WHEEL", 
                                    "args_list": [
                                        {
                                            "arg_type": 100025, 
                                            "args_list": [
                                                [
                                                    "PLAYER", 
                                                    "PlayerLead"
                                                ]
                                            ], 
                                            "sub_type": "VARIABLE"
                                        }, 
                                        {
                                            "arg_type": 100048, 
                                            "args_list": [
                                                false
                                            ], 
                                            "sub_type": 1
                                        }
                                    ], 
                                    "bp": false, 
                                    "element_id": 950517762000078, 
                                    "enable": true
                                }, 
                                {
                                    "action_type": "NEW_CAMERA_SET_MOVE_NOT_ENABLE", 
                                    "args_list": [
                                        {
                                            "arg_type": 100025, 
                                            "args_list": [
                                                [
                                                    "PLAYER", 
                                                    "PlayerLead"
                                                ]
                                            ], 
                                            "sub_type": "VARIABLE"
                                        }
                                    ], 
                                    "bp": false, 
                                    "element_id": 950517762000095, 
                                    "enable": true
                                }, 
                                {
                                    "action_type": "NEW_CAMERA_SET_FOLLOW_UNIT", 
                                    "args_list": [
                                        {
                                            "arg_type": 100025, 
                                            "args_list": [
                                                [
                                                    "PLAYER", 
                                                    "PlayerLead"
                                                ]
                                            ], 
                                            "sub_type": "VARIABLE"
                                        }, 
                                        {
                                            "arg_type": 100006, 
                                            "args_list": [
                                                [
                                                    "UNIT_ENTITY", 
                                                    "UnitLead"
                                                ]
                                            ], 
                                            "sub_type": 11
                                        }
                                    ], 
                                    "bp": false, 
                                    "element_id": 950517762000097, 
                                    "enable": true, 
                                    "op_arg": [
                                        null, 
                                        null, 
                                        {
                                            "arg_type": 100000, 
                                            "args_list": [
                                                200.0
                                            ], 
                                            "sub_type": 1
                                        }
                                    ], 
                                    "op_arg_enable": [
                                        false, 
                                        false, 
                                        true
                                    ]
                                }
                            ], 
                            "sub_type": 1
                        }, 
                        {
                            "arg_type": 100022, 
                            "args_list": [], 
                            "sub_type": 1
                        }, 
                        {
                            "arg_type": 100003, 
                            "args_list": [
                                "\u8bbe\u7f6e"
                            ], 
                            "sub_type": 1
                        }
                    ], 
                    "bp": false, 
                    "element_id": 950517762000010, 
                    "enable": true
                }, 
                {
                    "action_type": "STORAGE_BOX", 
                    "args_list": [
                        {
                            "arg_type": 100021, 
                            "args_list": [], 
                            "sub_type": 1
                        }, 
                        {
                            "arg_type": 100022, 
                            "args_list": [
                                {
                                    "action_type": "SET_UI_COMP_VISIBLE", 
                                    "args_list": [
                                        {
                                            "arg_type": 100025, 
                                            "args_list": [
                                                [
                                                    "PLAYER", 
                                                    "PlayerLead"
                                                ]
                                            ], 
                                            "sub_type": "VARIABLE"
                                        }, 
                                        {
                                            "arg_type": 100001, 
                                            "args_list": [
                                                false
                                            ], 
                                            "sub_type": 1
                                        }, 
                                        {
                                            "arg_type": 100070, 
                                            "args_list": [
                                                "34ccf347-2fc1-4ab0-b2a4-d2b45baf2b1a"
                                            ], 
                                            "sub_type": 1
                                        }
                                    ], 
                                    "bp": false, 
                                    "element_id": 950517762163524, 
                                    "enable": true
                                }, 
                                {
                                    "action_type": "SET_UI_COMP_VISIBLE", 
                                    "args_list": [
                                        {
                                            "arg_type": 100025, 
                                            "args_list": [
                                                [
                                                    "PLAYER", 
                                                    "PlayerLead"
                                                ]
                                            ], 
                                            "sub_type": "VARIABLE"
                                        }, 
                                        {
                                            "arg_type": 100001, 
                                            "args_list": [
                                                false
                                            ], 
                                            "sub_type": 1
                                        }, 
                                        {
                                            "arg_type": 100070, 
                                            "args_list": [
                                                "772056bf-b30a-46fa-a467-5c4e230070ab"
                                            ], 
                                            "sub_type": 1
                                        }
                                    ], 
                                    "bp": false, 
                                    "element_id": 950517762163526, 
                                    "enable": true
                                }
                            ], 
                            "sub_type": 1
                        }, 
                        {
                            "arg_type": 100022, 
                            "args_list": [], 
                            "sub_type": 1
                        }, 
                        {
                            "arg_type": 100003, 
                            "args_list": [
                                "\u521d\u59cb\u5316UI"
                            ], 
                            "sub_type": 1
                        }
                    ], 
                    "bp": false, 
                    "element_id": 950517762000016, 
                    "enable": true
                }, 
                {
                    "action_type": "STORAGE_BOX", 
                    "args_list": [
                        {
                            "arg_type": 100021, 
                            "args_list": [], 
                            "sub_type": 1
                        }, 
                        {
                            "arg_type": 100022, 
                            "args_list": [], 
                            "sub_type": 1
                        }, 
                        {
                            "arg_type": 100022, 
                            "args_list": [], 
                            "sub_type": 1
                        }, 
                        {
                            "arg_type": 100003, 
                            "args_list": [
                                "box"
                            ], 
                            "sub_type": 1
                        }
                    ], 
                    "bp": false, 
                    "element_id": 950517762000022, 
                    "enable": true
                }
            ], 
            "call_enabled": true, 
            "condition": [], 
            "enabled": true, 
            "event": [
                {
                    "args_list": [], 
                    "element_id": 14870405130002, 
                    "enable": true, 
                    "event_type": "INIT_FINISHED"
                }
            ], 
            "group_id": 0, 
            "p_trigger_id": null, 
            "trigger_id": 950517762, 
            "trigger_name": "A01\uff1a\u6e38\u620f\u521d\u59cb\u5316", 
            "valid": true
        }
    }, 
    "trigger_group_info": {
        "_trigger_group_": true, 
        "group": [
            {
                "__tuple__": true, 
                "items": [
                    950517762, 
                    "A01\uff1a\u6e38\u620f\u521d\u59cb\u5316"
                ]
            }, 
            {
                "__tuple__": true, 
                "items": [
                    665427971, 
                    "AZ\uff1a\u5e38\u7528\u7ec4\u4ef6"
                ]
            }
        ], 
        "is_sub_folder": false, 
        "key": "hbkbgIsyEe2jNXC16EKB6o", 
        "name": "A\uff1a\u521d\u59cb\u5316\u6d41\u7a0b"
    }
}