{
    "local_variable": {
        "1435660289": {
            "variable_dict": {
                "PROJECTILE_ENTITY": {
                    "aaa": 0
                }
            }, 
            "variable_length_dict": {
                "aaa": 0
            }
        }
    }, 
    "trigger_dict": {
        "456859650": {
            "action": [
                {
                    "action_type": "PLAY_ANIMATION", 
                    "args_list": [
                        {
                            "arg_type": 100006, 
                            "args_list": [], 
                            "sub_type": "ABILITY_OWNER"
                        }, 
                        {
                            "arg_type": 100003, 
                            "args_list": [
                                {
                                    "arg_type": 100003, 
                                    "args_list": [
                                        "attack"
                                    ], 
                                    "sub_type": 1
                                }, 
                                {
                                    "arg_type": 100003, 
                                    "args_list": [
                                        {
                                            "arg_type": 100002, 
                                            "args_list": [
                                                {
                                                    "arg_type": 100002, 
                                                    "args_list": [
                                                        1
                                                    ], 
                                                    "sub_type": 1
                                                }, 
                                                {
                                                    "arg_type": 100002, 
                                                    "args_list": [
                                                        3
                                                    ], 
                                                    "sub_type": 1
                                                }
                                            ], 
                                            "sub_type": "RANDOM_INT"
                                        }
                                    ], 
                                    "sub_type": "VALUE_TO_STR"
                                }
                            ], 
                            "op_arg": [
                                null, 
                                null, 
                                null, 
                                null, 
                                null, 
                                null, 
                                null, 
                                null
                            ], 
                            "op_arg_enable": [
                                false, 
                                false, 
                                false, 
                                false, 
                                false, 
                                false, 
                                false, 
                                false
                            ], 
                            "sub_type": "STR_JOIN"
                        }, 
                        {
                            "arg_type": 100000, 
                            "args_list": [
                                1.0
                            ], 
                            "sub_type": 1
                        }, 
                        {
                            "arg_type": 100000, 
                            "args_list": [
                                0
                            ], 
                            "sub_type": 1
                        }, 
                        {
                            "arg_type": 100000, 
                            "args_list": [
                                -1
                            ], 
                            "sub_type": 1
                        }, 
                        {
                            "arg_type": 100001, 
                            "args_list": [
                                false
                            ], 
                            "sub_type": 1
                        }, 
                        {
                            "arg_type": 100001, 
                            "args_list": [
                                true
                            ], 
                            "sub_type": 1
                        }
                    ], 
                    "bp": false, 
                    "element_id": 4568596500002, 
                    "enable": true
                }, 
                {
                    "action_type": "CREATE_SFX_ON_POINT", 
                    "args_list": [
                        {
                            "arg_type": 100066, 
                            "args_list": [
                                102104
                            ], 
                            "sub_type": 1
                        }, 
                        {
                            "arg_type": 100004, 
                            "args_list": [
                                {
                                    "arg_type": 100006, 
                                    "args_list": [], 
                                    "sub_type": "ABILITY_OWNER"
                                }
                            ], 
                            "sub_type": "UNIT_ENTITY_POINT"
                        }
                    ], 
                    "bp": false, 
                    "element_id": 4568596500008, 
                    "enable": true, 
                    "op_arg": [
                        null, 
                        null, 
                        null, 
                        {
                            "arg_type": 100000, 
                            "args_list": [
                                1.0
                            ], 
                            "sub_type": 1
                        }, 
                        null
                    ], 
                    "op_arg_enable": [
                        false, 
                        false, 
                        false, 
                        true, 
                        false
                    ]
                }
            ], 
            "call_enabled": true, 
            "condition": [], 
            "enabled": true, 
            "event": [
                {
                    "args_list": [], 
                    "element_id": 4568596500001, 
                    "enable": true, 
                    "event_type": "ABILITY_PS_START"
                }
            ], 
            "group_id": 201355835, 
            "p_trigger_id": null, 
            "trigger_id": 456859650, 
            "trigger_name": "AbilityPercastStarts", 
            "valid": true
        }, 
        "1435660289": {
            "action": [
                {
                    "action_type": "SET_VARIABLE", 
                    "args_list": [
                        {
                            "arg_type": 100077, 
                            "args_list": [
                                [
                                    "PROJECTILE_ENTITY", 
                                    "aaa", 
                                    "local"
                                ], 
                                null
                            ], 
                            "sub_type": "VARIABLE"
                        }, 
                        {
                            "arg_type": 100077, 
                            "args_list": [
                                {
                                    "arg_type": 100062, 
                                    "args_list": [
                                        201374532
                                    ], 
                                    "sub_type": 1
                                }, 
                                {
                                    "arg_type": 100006, 
                                    "args_list": [], 
                                    "sub_type": "ABILITY_OWNER"
                                }, 
                                {
                                    "arg_type": 100003, 
                                    "args_list": [
                                        "hand"
                                    ], 
                                    "sub_type": 1
                                }, 
                                {
                                    "arg_type": 100225, 
                                    "args_list": [
                                        {
                                            "arg_type": 100014, 
                                            "args_list": [], 
                                            "sub_type": "CUR_ABILITY"
                                        }
                                    ], 
                                    "sub_type": "GET_ABILITY_RELEASE_DIRECTION"
                                }, 
                                {
                                    "arg_type": 100006, 
                                    "args_list": [], 
                                    "sub_type": "ABILITY_OWNER"
                                }, 
                                {
                                    "arg_type": 100014, 
                                    "args_list": [], 
                                    "sub_type": "CUR_ABILITY"
                                }
                            ], 
                            "op_arg": [
                                null, 
                                null, 
                                {
                                    "arg_type": 100001, 
                                    "args_list": [
                                        true
                                    ], 
                                    "sub_type": 1
                                }
                            ], 
                            "op_arg_enable": [
                                false, 
                                false, 
                                false
                            ], 
                            "sub_type": "CREATE_PROJECTILE_ON_SOCKET"
                        }
                    ], 
                    "bp": false, 
                    "element_id": 14356602890005, 
                    "enable": true
                }, 
                {
                    "action_type": "CREATE_CURVED_MOVER", 
                    "args_list": [
                        {
                            "arg_type": 100077, 
                            "args_list": [
                                [
                                    "PROJECTILE_ENTITY", 
                                    "aaa", 
                                    "local"
                                ], 
                                null
                            ], 
                            "sub_type": "VARIABLE"
                        }, 
                        {
                            "arg_type": 100225, 
                            "args_list": [
                                {
                                    "arg_type": 100014, 
                                    "args_list": [], 
                                    "sub_type": "CUR_ABILITY"
                                }
                            ], 
                            "sub_type": "GET_ABILITY_RELEASE_DIRECTION"
                        }, 
                        {
                            "arg_type": 100000, 
                            "args_list": [
                                {
                                    "arg_type": 100004, 
                                    "args_list": [
                                        {
                                            "arg_type": 100006, 
                                            "args_list": [], 
                                            "sub_type": "ABILITY_OWNER"
                                        }
                                    ], 
                                    "sub_type": "UNIT_ENTITY_POINT"
                                }, 
                                {
                                    "arg_type": 100004, 
                                    "args_list": [
                                        {
                                            "arg_type": 100014, 
                                            "args_list": [], 
                                            "sub_type": "CUR_ABILITY"
                                        }
                                    ], 
                                    "sub_type": "ABILITY_RELEASE_POSITION"
                                }
                            ], 
                            "sub_type": "GET_POINTS_DIS"
                        }, 
                        {
                            "arg_type": 100000, 
                            "args_list": [
                                1000.0
                            ], 
                            "sub_type": 1
                        }, 
                        {
                            "arg_type": 100002, 
                            "args_list": [
                                10
                            ], 
                            "sub_type": 1
                        }, 
                        {
                            "arg_type": 100222, 
                            "args_list": [
                                [
                                    [
                                        0.0, 
                                        0.0
                                    ], 
                                    [
                                        0.14177693761814747, 
                                        0.0964083175803403
                                    ], 
                                    [
                                        0.22873345935727785, 
                                        0.22873345935727785
                                    ], 
                                    [
                                        0.14177693761814747, 
                                        0.37618147448015127
                                    ], 
                                    [
                                        0.0, 
                                        0.5
                                    ]
                                ]
                            ], 
                            "sub_type": 1
                        }, 
                        {
                            "arg_type": 100022, 
                            "args_list": [
                                {
                                    "action_type": "CREATE_CHASING_MOVER", 
                                    "args_list": [
                                        {
                                            "arg_type": 100077, 
                                            "args_list": [
                                                [
                                                    "PROJECTILE_ENTITY", 
                                                    "aaa", 
                                                    "local"
                                                ], 
                                                null
                                            ], 
                                            "sub_type": "VARIABLE"
                                        }, 
                                        {
                                            "arg_type": 100006, 
                                            "args_list": [], 
                                            "sub_type": "ABILITY_OWNER"
                                        }, 
                                        {
                                            "arg_type": 100000, 
                                            "args_list": [
                                                0.0
                                            ], 
                                            "sub_type": 1
                                        }, 
                                        {
                                            "arg_type": 100000, 
                                            "args_list": [
                                                1000.0
                                            ], 
                                            "sub_type": 1
                                        }, 
                                        {
                                            "arg_type": 100000, 
                                            "args_list": [
                                                0
                                            ], 
                                            "sub_type": 1
                                        }, 
                                        {
                                            "arg_type": 100022, 
                                            "args_list": [
                                                {
                                                    "action_type": "PROJECTILE_DELETE", 
                                                    "args_list": [
                                                        {
                                                            "arg_type": 100077, 
                                                            "args_list": [
                                                                [
                                                                    "PROJECTILE_ENTITY", 
                                                                    "aaa", 
                                                                    "local"
                                                                ], 
                                                                null
                                                            ], 
                                                            "sub_type": "VARIABLE"
                                                        }
                                                    ], 
                                                    "bp": false, 
                                                    "element_id": 14356602890003, 
                                                    "enable": true, 
                                                    "op_arg": [
                                                        {
                                                            "arg_type": 100001, 
                                                            "args_list": [
                                                                true
                                                            ], 
                                                            "sub_type": 1
                                                        }
                                                    ], 
                                                    "op_arg_enable": [
                                                        false
                                                    ]
                                                }
                                            ], 
                                            "sub_type": 1
                                        }, 
                                        {
                                            "arg_type": 100022, 
                                            "args_list": [], 
                                            "sub_type": 1
                                        }, 
                                        {
                                            "arg_type": 100022, 
                                            "args_list": [], 
                                            "sub_type": 1
                                        }, 
                                        {
                                            "arg_type": 100022, 
                                            "args_list": [], 
                                            "sub_type": 1
                                        }, 
                                        {
                                            "arg_type": 100022, 
                                            "args_list": [
                                                {
                                                    "action_type": "ADD_ATTR", 
                                                    "args_list": [
                                                        {
                                                            "arg_type": 100006, 
                                                            "args_list": [], 
                                                            "sub_type": "MOVER_COLLIDE_UNIT"
                                                        }, 
                                                        {
                                                            "arg_type": 100300, 
                                                            "args_list": [
                                                                "ATTR_BASE_RATIO"
                                                            ], 
                                                            "sub_type": 1
                                                        }, 
                                                        {
                                                            "arg_type": 100042, 
                                                            "args_list": [
                                                                "ori_speed"
                                                            ], 
                                                            "sub_type": 1
                                                        }, 
                                                        {
                                                            "arg_type": 100000, 
                                                            "args_list": [
                                                                -50.0
                                                            ], 
                                                            "sub_type": 1
                                                        }
                                                    ], 
                                                    "bp": false, 
                                                    "element_id": 14356602890004, 
                                                    "enable": true
                                                }, 
                                                {
                                                    "action_type": "APPLY_DAMAGE", 
                                                    "args_list": [
                                                        {
                                                            "arg_type": 100006, 
                                                            "args_list": [], 
                                                            "sub_type": "ABILITY_OWNER"
                                                        }, 
                                                        {
                                                            "arg_type": 100014, 
                                                            "args_list": [], 
                                                            "sub_type": "CUR_ABILITY"
                                                        }, 
                                                        {
                                                            "arg_type": 100006, 
                                                            "args_list": [], 
                                                            "sub_type": "MOVER_COLLIDE_UNIT"
                                                        }, 
                                                        {
                                                            "arg_type": 100064, 
                                                            "args_list": [
                                                                1
                                                            ], 
                                                            "sub_type": 1
                                                        }, 
                                                        {
                                                            "arg_type": 100000, 
                                                            "args_list": [
                                                                {
                                                                    "arg_type": 100014, 
                                                                    "args_list": [], 
                                                                    "sub_type": "CUR_ABILITY"
                                                                }, 
                                                                {
                                                                    "arg_type": 100003, 
                                                                    "args_list": [
                                                                        "damage"
                                                                    ], 
                                                                    "sub_type": 1
                                                                }
                                                            ], 
                                                            "sub_type": "GET_FLOAT_KV"
                                                        }, 
                                                        {
                                                            "arg_type": 100001, 
                                                            "args_list": [
                                                                true
                                                            ], 
                                                            "sub_type": 1
                                                        }
                                                    ], 
                                                    "bp": false, 
                                                    "element_id": 14356602890023, 
                                                    "enable": true, 
                                                    "op_arg": [
                                                        {
                                                            "arg_type": 100001, 
                                                            "args_list": [
                                                                true
                                                            ], 
                                                            "sub_type": 1
                                                        }, 
                                                        {
                                                            "arg_type": 100001, 
                                                            "args_list": [
                                                                true
                                                            ], 
                                                            "sub_type": 1
                                                        }, 
                                                        {
                                                            "arg_type": 100001, 
                                                            "args_list": [
                                                                true
                                                            ], 
                                                            "sub_type": 1
                                                        }, 
                                                        null, 
                                                        null, 
                                                        null
                                                    ], 
                                                    "op_arg_enable": [
                                                        false, 
                                                        false, 
                                                        false, 
                                                        false, 
                                                        false, 
                                                        false
                                                    ]
                                                }, 
                                                {
                                                    "action_type": "RUN_ONCE_TIMER_NO_SAVE", 
                                                    "args_list": [
                                                        {
                                                            "arg_type": 100000, 
                                                            "args_list": [
                                                                1.0
                                                            ], 
                                                            "sub_type": 1
                                                        }, 
                                                        {
                                                            "arg_type": 100022, 
                                                            "args_list": [
                                                                {
                                                                    "action_type": "ADD_ATTR", 
                                                                    "args_list": [
                                                                        {
                                                                            "arg_type": 100006, 
                                                                            "args_list": [], 
                                                                            "sub_type": "MOVER_COLLIDE_UNIT"
                                                                        }, 
                                                                        {
                                                                            "arg_type": 100300, 
                                                                            "args_list": [
                                                                                "ATTR_BASE_RATIO"
                                                                            ], 
                                                                            "sub_type": 1
                                                                        }, 
                                                                        {
                                                                            "arg_type": 100042, 
                                                                            "args_list": [
                                                                                "ori_speed"
                                                                            ], 
                                                                            "sub_type": 1
                                                                        }, 
                                                                        {
                                                                            "arg_type": 100000, 
                                                                            "args_list": [
                                                                                50.0
                                                                            ], 
                                                                            "sub_type": 1
                                                                        }
                                                                    ], 
                                                                    "bp": false, 
                                                                    "element_id": 14356602890006, 
                                                                    "enable": true
                                                                }
                                                            ], 
                                                            "sub_type": 1
                                                        }
                                                    ], 
                                                    "bp": false, 
                                                    "element_id": 14356602890007, 
                                                    "enable": true, 
                                                    "local_var": [
                                                        {}, 
                                                        {}
                                                    ]
                                                }, 
                                                {
                                                    "action_type": "IF_THEN_ELSE", 
                                                    "args_list": [
                                                        {
                                                            "arg_type": 100021, 
                                                            "args_list": [
                                                                {
                                                                    "args_list": [
                                                                        {
                                                                            "arg_type": 100010, 
                                                                            "args_list": [
                                                                                {
                                                                                    "arg_type": 100006, 
                                                                                    "args_list": [], 
                                                                                    "sub_type": "MOVER_COLLIDE_UNIT"
                                                                                }
                                                                            ], 
                                                                            "sub_type": "GET_UNIT_TYPE"
                                                                        }, 
                                                                        {
                                                                            "arg_type": 100035, 
                                                                            "args_list": [
                                                                                "=="
                                                                            ], 
                                                                            "sub_type": 1
                                                                        }, 
                                                                        {
                                                                            "arg_type": 100010, 
                                                                            "args_list": [
                                                                                1
                                                                            ], 
                                                                            "sub_type": 1
                                                                        }
                                                                    ], 
                                                                    "condition_type": "UNIT_TYPE_COMPARE", 
                                                                    "element_id": 14356602890008, 
                                                                    "enable": true
                                                                }
                                                            ], 
                                                            "sub_type": 1
                                                        }, 
                                                        {
                                                            "arg_type": 100022, 
                                                            "args_list": [
                                                                {
                                                                    "action_type": "PROJECTILE_DELETE", 
                                                                    "args_list": [
                                                                        {
                                                                            "arg_type": 100077, 
                                                                            "args_list": [
                                                                                [
                                                                                    "PROJECTILE_ENTITY", 
                                                                                    "aaa", 
                                                                                    "local"
                                                                                ], 
                                                                                null
                                                                            ], 
                                                                            "sub_type": "VARIABLE"
                                                                        }
                                                                    ], 
                                                                    "bp": false, 
                                                                    "element_id": 14356602890009, 
                                                                    "enable": true, 
                                                                    "op_arg": [
                                                                        {
                                                                            "arg_type": 100001, 
                                                                            "args_list": [
                                                                                true
                                                                            ], 
                                                                            "sub_type": 1
                                                                        }
                                                                    ], 
                                                                    "op_arg_enable": [
                                                                        false
                                                                    ]
                                                                }, 
                                                                {
                                                                    "action_type": "ADD_MODIFIER", 
                                                                    "args_list": [
                                                                        {
                                                                            "arg_type": 100006, 
                                                                            "args_list": [], 
                                                                            "sub_type": "ABILITY_OWNER"
                                                                        }, 
                                                                        {
                                                                            "arg_type": 100046, 
                                                                            "args_list": [
                                                                                201337897
                                                                            ], 
                                                                            "sub_type": 1
                                                                        }
                                                                    ], 
                                                                    "bp": false, 
                                                                    "element_id": 14356602890024, 
                                                                    "enable": true, 
                                                                    "op_arg": [
                                                                        null, 
                                                                        null, 
                                                                        null, 
                                                                        null, 
                                                                        {
                                                                            "arg_type": 100002, 
                                                                            "args_list": [
                                                                                1
                                                                            ], 
                                                                            "sub_type": 1
                                                                        }
                                                                    ], 
                                                                    "op_arg_enable": [
                                                                        false, 
                                                                        false, 
                                                                        false, 
                                                                        false, 
                                                                        true
                                                                    ]
                                                                }, 
                                                                {
                                                                    "action_type": "CREATE_CHASING_MOVER", 
                                                                    "args_list": [
                                                                        {
                                                                            "arg_type": 100006, 
                                                                            "args_list": [], 
                                                                            "sub_type": "MOVER_COLLIDE_UNIT"
                                                                        }, 
                                                                        {
                                                                            "arg_type": 100006, 
                                                                            "args_list": [], 
                                                                            "sub_type": "ABILITY_OWNER"
                                                                        }, 
                                                                        {
                                                                            "arg_type": 100000, 
                                                                            "args_list": [
                                                                                50.0
                                                                            ], 
                                                                            "sub_type": 1
                                                                        }, 
                                                                        {
                                                                            "arg_type": 100000, 
                                                                            "args_list": [
                                                                                1000.0
                                                                            ], 
                                                                            "sub_type": 1
                                                                        }, 
                                                                        {
                                                                            "arg_type": 100000, 
                                                                            "args_list": [
                                                                                0
                                                                            ], 
                                                                            "sub_type": 1
                                                                        }, 
                                                                        {
                                                                            "arg_type": 100022, 
                                                                            "args_list": [], 
                                                                            "sub_type": 1
                                                                        }, 
                                                                        {
                                                                            "arg_type": 100022, 
                                                                            "args_list": [], 
                                                                            "sub_type": 1
                                                                        }, 
                                                                        {
                                                                            "arg_type": 100022, 
                                                                            "args_list": [], 
                                                                            "sub_type": 1
                                                                        }, 
                                                                        {
                                                                            "arg_type": 100022, 
                                                                            "args_list": [], 
                                                                            "sub_type": 1
                                                                        }, 
                                                                        {
                                                                            "arg_type": 100022, 
                                                                            "args_list": [], 
                                                                            "sub_type": 1
                                                                        }
                                                                    ], 
                                                                    "bp": false, 
                                                                    "element_id": 14356602890011, 
                                                                    "enable": true, 
                                                                    "fake_op": [], 
                                                                    "local_var": [
                                                                        {}, 
                                                                        {}
                                                                    ], 
                                                                    "op_arg": [
                                                                        null, 
                                                                        null, 
                                                                        null, 
                                                                        null, 
                                                                        null, 
                                                                        null, 
                                                                        null, 
                                                                        null, 
                                                                        null, 
                                                                        null, 
                                                                        null, 
                                                                        null, 
                                                                        null, 
                                                                        null, 
                                                                        null, 
                                                                        null, 
                                                                        null, 
                                                                        null, 
                                                                        null
                                                                    ], 
                                                                    "op_arg_enable": [
                                                                        false, 
                                                                        false, 
                                                                        false, 
                                                                        false, 
                                                                        false, 
                                                                        false, 
                                                                        false, 
                                                                        false, 
                                                                        false, 
                                                                        false, 
                                                                        false, 
                                                                        false, 
                                                                        false, 
                                                                        false, 
                                                                        false, 
                                                                        false, 
                                                                        false, 
                                                                        false, 
                                                                        false
                                                                    ]
                                                                }
                                                            ], 
                                                            "sub_type": 1
                                                        }, 
                                                        {
                                                            "arg_type": 100022, 
                                                            "args_list": [], 
                                                            "sub_type": 1
                                                        }
                                                    ], 
                                                    "bp": false, 
                                                    "element_id": 14356602890012, 
                                                    "enable": true, 
                                                    "fake_op": [
                                                        2
                                                    ]
                                                }
                                            ], 
                                            "sub_type": 1
                                        }
                                    ], 
                                    "bp": false, 
                                    "element_id": 14356602890013, 
                                    "enable": true, 
                                    "fake_op": [
                                        9
                                    ], 
                                    "local_var": [
                                        {}, 
                                        {}
                                    ], 
                                    "op_arg": [
                                        null, 
                                        null, 
                                        null, 
                                        null, 
                                        {
                                            "arg_type": 100176, 
                                            "args_list": [
                                                0
                                            ], 
                                            "sub_type": 1
                                        }, 
                                        {
                                            "arg_type": 100000, 
                                            "args_list": [
                                                60.0
                                            ], 
                                            "sub_type": 1
                                        }, 
                                        null, 
                                        null, 
                                        null, 
                                        null, 
                                        null, 
                                        null, 
                                        null, 
                                        null, 
                                        null, 
                                        null, 
                                        null, 
                                        null, 
                                        null
                                    ], 
                                    "op_arg_enable": [
                                        false, 
                                        false, 
                                        false, 
                                        false, 
                                        true, 
                                        true, 
                                        false, 
                                        false, 
                                        false, 
                                        false, 
                                        false, 
                                        false, 
                                        false, 
                                        false, 
                                        false, 
                                        false, 
                                        false, 
                                        false, 
                                        false
                                    ]
                                }
                            ], 
                            "sub_type": 1
                        }, 
                        {
                            "arg_type": 100022, 
                            "args_list": [], 
                            "sub_type": 1
                        }, 
                        {
                            "arg_type": 100022, 
                            "args_list": [], 
                            "sub_type": 1
                        }, 
                        {
                            "arg_type": 100022, 
                            "args_list": [], 
                            "sub_type": 1
                        }, 
                        {
                            "arg_type": 100022, 
                            "args_list": [
                                {
                                    "action_type": "ADD_ATTR", 
                                    "args_list": [
                                        {
                                            "arg_type": 100006, 
                                            "args_list": [], 
                                            "sub_type": "MOVER_COLLIDE_UNIT"
                                        }, 
                                        {
                                            "arg_type": 100300, 
                                            "args_list": [
                                                "ATTR_BASE_RATIO"
                                            ], 
                                            "sub_type": 1
                                        }, 
                                        {
                                            "arg_type": 100042, 
                                            "args_list": [
                                                "ori_speed"
                                            ], 
                                            "sub_type": 1
                                        }, 
                                        {
                                            "arg_type": 100000, 
                                            "args_list": [
                                                -50.0
                                            ], 
                                            "sub_type": 1
                                        }
                                    ], 
                                    "bp": false, 
                                    "element_id": 14356602890014, 
                                    "enable": true
                                }, 
                                {
                                    "action_type": "RUN_ONCE_TIMER_NO_SAVE", 
                                    "args_list": [
                                        {
                                            "arg_type": 100000, 
                                            "args_list": [
                                                1.0
                                            ], 
                                            "sub_type": 1
                                        }, 
                                        {
                                            "arg_type": 100022, 
                                            "args_list": [
                                                {
                                                    "action_type": "ADD_ATTR", 
                                                    "args_list": [
                                                        {
                                                            "arg_type": 100006, 
                                                            "args_list": [], 
                                                            "sub_type": "MOVER_COLLIDE_UNIT"
                                                        }, 
                                                        {
                                                            "arg_type": 100300, 
                                                            "args_list": [
                                                                "ATTR_BASE_RATIO"
                                                            ], 
                                                            "sub_type": 1
                                                        }, 
                                                        {
                                                            "arg_type": 100042, 
                                                            "args_list": [
                                                                "ori_speed"
                                                            ], 
                                                            "sub_type": 1
                                                        }, 
                                                        {
                                                            "arg_type": 100000, 
                                                            "args_list": [
                                                                50.0
                                                            ], 
                                                            "sub_type": 1
                                                        }
                                                    ], 
                                                    "bp": false, 
                                                    "element_id": 14356602890015, 
                                                    "enable": true
                                                }
                                            ], 
                                            "sub_type": 1
                                        }
                                    ], 
                                    "bp": false, 
                                    "element_id": 14356602890016, 
                                    "enable": true, 
                                    "local_var": [
                                        {}, 
                                        {}
                                    ]
                                }, 
                                {
                                    "action_type": "APPLY_DAMAGE", 
                                    "args_list": [
                                        {
                                            "arg_type": 100006, 
                                            "args_list": [], 
                                            "sub_type": "ABILITY_OWNER"
                                        }, 
                                        {
                                            "arg_type": 100014, 
                                            "args_list": [], 
                                            "sub_type": "CUR_ABILITY"
                                        }, 
                                        {
                                            "arg_type": 100006, 
                                            "args_list": [], 
                                            "sub_type": "MOVER_COLLIDE_UNIT"
                                        }, 
                                        {
                                            "arg_type": 100064, 
                                            "args_list": [
                                                1
                                            ], 
                                            "sub_type": 1
                                        }, 
                                        {
                                            "arg_type": 100000, 
                                            "args_list": [
                                                {
                                                    "arg_type": 100014, 
                                                    "args_list": [], 
                                                    "sub_type": "CUR_ABILITY"
                                                }, 
                                                {
                                                    "arg_type": 100003, 
                                                    "args_list": [
                                                        "damage"
                                                    ], 
                                                    "sub_type": 1
                                                }
                                            ], 
                                            "sub_type": "GET_FLOAT_KV"
                                        }, 
                                        {
                                            "arg_type": 100001, 
                                            "args_list": [
                                                true
                                            ], 
                                            "sub_type": 1
                                        }
                                    ], 
                                    "bp": false, 
                                    "element_id": 14356602890017, 
                                    "enable": true, 
                                    "op_arg": [
                                        {
                                            "arg_type": 100001, 
                                            "args_list": [
                                                true
                                            ], 
                                            "sub_type": 1
                                        }, 
                                        {
                                            "arg_type": 100001, 
                                            "args_list": [
                                                true
                                            ], 
                                            "sub_type": 1
                                        }, 
                                        {
                                            "arg_type": 100001, 
                                            "args_list": [
                                                true
                                            ], 
                                            "sub_type": 1
                                        }, 
                                        null, 
                                        null, 
                                        null
                                    ], 
                                    "op_arg_enable": [
                                        false, 
                                        false, 
                                        false, 
                                        false, 
                                        false, 
                                        false
                                    ]
                                }, 
                                {
                                    "action_type": "IF_THEN_ELSE", 
                                    "args_list": [
                                        {
                                            "arg_type": 100021, 
                                            "args_list": [
                                                {
                                                    "args_list": [
                                                        {
                                                            "arg_type": 100010, 
                                                            "args_list": [
                                                                {
                                                                    "arg_type": 100006, 
                                                                    "args_list": [], 
                                                                    "sub_type": "MOVER_COLLIDE_UNIT"
                                                                }
                                                            ], 
                                                            "sub_type": "GET_UNIT_TYPE"
                                                        }, 
                                                        {
                                                            "arg_type": 100035, 
                                                            "args_list": [
                                                                "=="
                                                            ], 
                                                            "sub_type": 1
                                                        }, 
                                                        {
                                                            "arg_type": 100010, 
                                                            "args_list": [
                                                                1
                                                            ], 
                                                            "sub_type": 1
                                                        }
                                                    ], 
                                                    "condition_type": "UNIT_TYPE_COMPARE", 
                                                    "element_id": 14356602890018, 
                                                    "enable": true
                                                }
                                            ], 
                                            "sub_type": 1
                                        }, 
                                        {
                                            "arg_type": 100022, 
                                            "args_list": [
                                                {
                                                    "action_type": "PROJECTILE_DELETE", 
                                                    "args_list": [
                                                        {
                                                            "arg_type": 100077, 
                                                            "args_list": [
                                                                [
                                                                    "PROJECTILE_ENTITY", 
                                                                    "aaa", 
                                                                    "local"
                                                                ], 
                                                                null
                                                            ], 
                                                            "sub_type": "VARIABLE"
                                                        }
                                                    ], 
                                                    "bp": false, 
                                                    "element_id": 14356602890019, 
                                                    "enable": true, 
                                                    "op_arg": [
                                                        {
                                                            "arg_type": 100001, 
                                                            "args_list": [
                                                                true
                                                            ], 
                                                            "sub_type": 1
                                                        }
                                                    ], 
                                                    "op_arg_enable": [
                                                        false
                                                    ]
                                                }, 
                                                {
                                                    "action_type": "ADD_MODIFIER", 
                                                    "args_list": [
                                                        {
                                                            "arg_type": 100006, 
                                                            "args_list": [], 
                                                            "sub_type": "ABILITY_OWNER"
                                                        }, 
                                                        {
                                                            "arg_type": 100046, 
                                                            "args_list": [
                                                                201337897
                                                            ], 
                                                            "sub_type": 1
                                                        }
                                                    ], 
                                                    "bp": false, 
                                                    "element_id": 14356602890020, 
                                                    "enable": true, 
                                                    "op_arg": [
                                                        null, 
                                                        null, 
                                                        null, 
                                                        null, 
                                                        {
                                                            "arg_type": 100002, 
                                                            "args_list": [
                                                                1
                                                            ], 
                                                            "sub_type": 1
                                                        }
                                                    ], 
                                                    "op_arg_enable": [
                                                        false, 
                                                        false, 
                                                        false, 
                                                        false, 
                                                        true
                                                    ]
                                                }, 
                                                {
                                                    "action_type": "CREATE_CHASING_MOVER", 
                                                    "args_list": [
                                                        {
                                                            "arg_type": 100006, 
                                                            "args_list": [], 
                                                            "sub_type": "MOVER_COLLIDE_UNIT"
                                                        }, 
                                                        {
                                                            "arg_type": 100006, 
                                                            "args_list": [], 
                                                            "sub_type": "ABILITY_OWNER"
                                                        }, 
                                                        {
                                                            "arg_type": 100000, 
                                                            "args_list": [
                                                                50.0
                                                            ], 
                                                            "sub_type": 1
                                                        }, 
                                                        {
                                                            "arg_type": 100000, 
                                                            "args_list": [
                                                                1000.0
                                                            ], 
                                                            "sub_type": 1
                                                        }, 
                                                        {
                                                            "arg_type": 100000, 
                                                            "args_list": [
                                                                0
                                                            ], 
                                                            "sub_type": 1
                                                        }, 
                                                        {
                                                            "arg_type": 100022, 
                                                            "args_list": [], 
                                                            "sub_type": 1
                                                        }, 
                                                        {
                                                            "arg_type": 100022, 
                                                            "args_list": [], 
                                                            "sub_type": 1
                                                        }, 
                                                        {
                                                            "arg_type": 100022, 
                                                            "args_list": [], 
                                                            "sub_type": 1
                                                        }, 
                                                        {
                                                            "arg_type": 100022, 
                                                            "args_list": [], 
                                                            "sub_type": 1
                                                        }, 
                                                        {
                                                            "arg_type": 100022, 
                                                            "args_list": [], 
                                                            "sub_type": 1
                                                        }
                                                    ], 
                                                    "bp": false, 
                                                    "element_id": 14356602890021, 
                                                    "enable": true, 
                                                    "fake_op": [], 
                                                    "local_var": [
                                                        {}, 
                                                        {}
                                                    ], 
                                                    "op_arg": [
                                                        null, 
                                                        null, 
                                                        null, 
                                                        null, 
                                                        null, 
                                                        null, 
                                                        null, 
                                                        null, 
                                                        null, 
                                                        null, 
                                                        null, 
                                                        null, 
                                                        null, 
                                                        null, 
                                                        null, 
                                                        null, 
                                                        null, 
                                                        null, 
                                                        null
                                                    ], 
                                                    "op_arg_enable": [
                                                        false, 
                                                        false, 
                                                        false, 
                                                        false, 
                                                        false, 
                                                        false, 
                                                        false, 
                                                        false, 
                                                        false, 
                                                        false, 
                                                        false, 
                                                        false, 
                                                        false, 
                                                        false, 
                                                        false, 
                                                        false, 
                                                        false, 
                                                        false, 
                                                        false
                                                    ]
                                                }
                                            ], 
                                            "sub_type": 1
                                        }, 
                                        {
                                            "arg_type": 100022, 
                                            "args_list": [], 
                                            "sub_type": 1
                                        }
                                    ], 
                                    "bp": false, 
                                    "element_id": 14356602890022, 
                                    "enable": true, 
                                    "fake_op": [
                                        2
                                    ]
                                }
                            ], 
                            "sub_type": 1
                        }
                    ], 
                    "bp": false, 
                    "element_id": 14356602890010, 
                    "enable": true, 
                    "fake_op": [
                        10
                    ], 
                    "local_var": [
                        {}, 
                        {}
                    ], 
                    "op_arg": [
                        null, 
                        null, 
                        null, 
                        null, 
                        {
                            "arg_type": 100176, 
                            "args_list": [
                                0
                            ], 
                            "sub_type": 1
                        }, 
                        {
                            "arg_type": 100000, 
                            "args_list": [
                                60.0
                            ], 
                            "sub_type": 1
                        }, 
                        null, 
                        null, 
                        null, 
                        null, 
                        null, 
                        null, 
                        null, 
                        null, 
                        null, 
                        null
                    ], 
                    "op_arg_enable": [
                        false, 
                        false, 
                        false, 
                        false, 
                        true, 
                        true, 
                        false, 
                        false, 
                        false, 
                        false, 
                        false, 
                        false, 
                        false, 
                        false, 
                        false, 
                        false
                    ]
                }
            ], 
            "call_enabled": true, 
            "condition": [], 
            "enabled": true, 
            "event": [
                {
                    "args_list": [], 
                    "element_id": 14356602890002, 
                    "enable": true, 
                    "event_type": "ABILITY_PS_END"
                }
            ], 
            "group_id": 201355835, 
            "p_trigger_id": null, 
            "trigger_id": 1435660289, 
            "trigger_name": "AbilityPercastEnds", 
            "valid": false
        }
    }, 
    "trigger_group_info": [
        {
            "_trigger_group_": true, 
            "group": [
                [
                    456859650, 
                    "AbilityPercastStarts"
                ], 
                [
                    1435660289, 
                    "AbilityPercastEnds"
                ]
            ], 
            "key": 201355835, 
            "name": "201355835"
        }
    ], 
    "trigger_version": "1.2", 
    "variable_dict": {}, 
    "variable_group_info": [], 
    "variable_length_dict": {}
}