{
    "local_variable": {
        "1762181121": {
            "variable_dict": {
                "BOOLEAN": {}, 
                "FLOAT": {
                    "\u7075\u6b66\u7532\u5c42\u6570": 0.0
                }
            }, 
            "variable_length_dict": {
                "\u7075\u6b66\u7532\u5c42\u6570": 0
            }
        }
    }, 
    "trigger_dict": {
        "121077768": {
            "action": [
                {
                    "action_type": "UNREG_TRIGGER", 
                    "args_list": [
                        {
                            "arg_type": 100178, 
                            "args_list": [
                                [
                                    "DYNAMIC_TRIGGER_INSTANCE", 
                                    "\u7075\u6b66\u75323\u9636", 
                                    "actor"
                                ], 
                                null
                            ], 
                            "sub_type": "VARIABLE"
                        }
                    ], 
                    "bp": false, 
                    "element_id": 1210777680005, 
                    "enable": true
                }, 
                {
                    "action_type": "UNREG_TRIGGER", 
                    "args_list": [
                        {
                            "arg_type": 100178, 
                            "args_list": [
                                [
                                    "DYNAMIC_TRIGGER_INSTANCE", 
                                    "\u7075\u6b66\u7532\u4e09\u9636\u6218\u6597", 
                                    "actor"
                                ], 
                                null
                            ], 
                            "sub_type": "VARIABLE"
                        }
                    ], 
                    "bp": false, 
                    "element_id": 1210777680009, 
                    "enable": true
                }, 
                {
                    "action_type": "UNREG_TRIGGER", 
                    "args_list": [
                        {
                            "arg_type": 100178, 
                            "args_list": [
                                [
                                    "DYNAMIC_TRIGGER_INSTANCE", 
                                    "\u7075\u6b66\u7532\u56db\u9636", 
                                    "actor"
                                ], 
                                null
                            ], 
                            "sub_type": "VARIABLE"
                        }
                    ], 
                    "bp": false, 
                    "element_id": 1210777680007, 
                    "enable": true
                }, 
                {
                    "action_type": "REMOVE_BUFF_TYPE", 
                    "args_list": [
                        {
                            "arg_type": 100006, 
                            "args_list": [
                                [
                                    "UNIT_ENTITY", 
                                    "U", 
                                    "actor"
                                ], 
                                null
                            ], 
                            "sub_type": 11
                        }, 
                        {
                            "arg_type": 100046, 
                            "args_list": [
                                134268661
                            ], 
                            "sub_type": 1
                        }
                    ], 
                    "bp": false, 
                    "element_id": 121077768680015, 
                    "enable": true
                }, 
                {
                    "action_type": "REMOVE_BUFF_TYPE", 
                    "args_list": [
                        {
                            "arg_type": 100006, 
                            "args_list": [
                                [
                                    "UNIT_ENTITY", 
                                    "U", 
                                    "actor"
                                ]
                            ], 
                            "sub_type": 11
                        }, 
                        {
                            "arg_type": 100046, 
                            "args_list": [
                                134274569
                            ], 
                            "sub_type": 1
                        }
                    ], 
                    "bp": false, 
                    "element_id": 1375186955000091, 
                    "enable": true
                }, 
                {
                    "action_type": "DELETE_TIMER", 
                    "args_list": [
                        {
                            "arg_type": 100181, 
                            "args_list": [
                                [
                                    "NEW_TIMER", 
                                    "lw", 
                                    "actor"
                                ], 
                                null
                            ], 
                            "sub_type": "VARIABLE"
                        }
                    ], 
                    "bp": false, 
                    "element_id": 121077768680021, 
                    "enable": true
                }
            ], 
            "call_enabled": true, 
            "condition": [], 
            "enabled": true, 
            "event": [
                {
                    "args_list": [], 
                    "element_id": 1210777680002, 
                    "enable": true, 
                    "event_type": "ITEM_REMOVE_EVENT"
                }
            ], 
            "group_id": 134221867, 
            "p_trigger_id": null, 
            "trigger_id": 121077768, 
            "trigger_name": "\u65b0\u5efa\u89e6\u53d1\u5668_2", 
            "valid": true
        }, 
        "921399300": {
            "action": [
                {
                    "action_type": "ADD_STATE", 
                    "args_list": [
                        {
                            "arg_type": 100006, 
                            "args_list": [
                                [
                                    "UNIT_ENTITY", 
                                    "U", 
                                    "actor"
                                ], 
                                null
                            ], 
                            "sub_type": 11
                        }, 
                        {
                            "arg_type": 100075, 
                            "args_list": [
                                4096
                            ], 
                            "sub_type": 1
                        }
                    ], 
                    "bp": false, 
                    "element_id": 921399300000007, 
                    "enable": true
                }, 
                {
                    "action_type": "ADD_MODIFIER", 
                    "args_list": [
                        {
                            "arg_type": 100006, 
                            "args_list": [
                                [
                                    "UNIT_ENTITY", 
                                    "U", 
                                    "actor"
                                ], 
                                null
                            ], 
                            "sub_type": 11
                        }, 
                        {
                            "arg_type": 100046, 
                            "args_list": [
                                134274569
                            ], 
                            "sub_type": 1
                        }
                    ], 
                    "bp": false, 
                    "element_id": 921399300000008, 
                    "enable": true, 
                    "op_arg": [
                        {
                            "arg_type": 100006, 
                            "args_list": [
                                [
                                    "UNIT_ENTITY", 
                                    "U", 
                                    "actor"
                                ], 
                                null
                            ], 
                            "sub_type": 11
                        }, 
                        null, 
                        {
                            "arg_type": 100000, 
                            "args_list": [
                                1.0
                            ], 
                            "sub_type": 1
                        }, 
                        null, 
                        null
                    ], 
                    "op_arg_enable": [
                        true, 
                        false, 
                        true, 
                        false, 
                        false
                    ]
                }, 
                {
                    "action_type": "RUN_ONCE_TIMER_NO_SAVE", 
                    "args_list": [
                        {
                            "arg_type": 100000, 
                            "args_list": [
                                1.0
                            ], 
                            "sub_type": 1
                        }, 
                        {
                            "arg_type": 100022, 
                            "args_list": [
                                {
                                    "action_type": "ADD_MODIFIER", 
                                    "args_list": [
                                        {
                                            "arg_type": 100006, 
                                            "args_list": [
                                                [
                                                    "UNIT_ENTITY", 
                                                    "U", 
                                                    "actor"
                                                ], 
                                                null
                                            ], 
                                            "sub_type": 11
                                        }, 
                                        {
                                            "arg_type": 100046, 
                                            "args_list": [
                                                134218542
                                            ], 
                                            "sub_type": 1
                                        }
                                    ], 
                                    "bp": false, 
                                    "element_id": 921399300000009, 
                                    "enable": true, 
                                    "op_arg": [
                                        null, 
                                        null, 
                                        {
                                            "arg_type": 100002, 
                                            "args_list": [
                                                5
                                            ], 
                                            "sub_type": 1
                                        }, 
                                        null, 
                                        null
                                    ], 
                                    "op_arg_enable": [
                                        false, 
                                        false, 
                                        true, 
                                        false, 
                                        false
                                    ]
                                }, 
                                {
                                    "action_type": "REMOVE_STATE", 
                                    "args_list": [
                                        {
                                            "arg_type": 100006, 
                                            "args_list": [
                                                [
                                                    "UNIT_ENTITY", 
                                                    "U", 
                                                    "actor"
                                                ], 
                                                null
                                            ], 
                                            "sub_type": 11
                                        }, 
                                        {
                                            "arg_type": 100075, 
                                            "args_list": [
                                                4096
                                            ], 
                                            "sub_type": 1
                                        }
                                    ], 
                                    "bp": false, 
                                    "element_id": 921399300000010, 
                                    "enable": true
                                }
                            ], 
                            "sub_type": 1
                        }
                    ], 
                    "bp": false, 
                    "element_id": 921399300000011, 
                    "enable": true, 
                    "local_var": [
                        {}, 
                        {}
                    ]
                }, 
                {
                    "action_type": "RESTART_COLDDOWN", 
                    "args_list": [
                        {
                            "arg_type": 100014, 
                            "args_list": [
                                {
                                    "arg_type": 100076, 
                                    "args_list": [
                                        {
                                            "arg_type": 100006, 
                                            "args_list": [
                                                [
                                                    "UNIT_ENTITY", 
                                                    "U", 
                                                    "actor"
                                                ], 
                                                null
                                            ], 
                                            "sub_type": 11
                                        }, 
                                        {
                                            "arg_type": 100046, 
                                            "args_list": [
                                                134274828
                                            ], 
                                            "sub_type": 1
                                        }
                                    ], 
                                    "sub_type": "GET_LAST_MODIFIER_INSTANCE"
                                }
                            ], 
                            "sub_type": "RELATED_ABILITY"
                        }
                    ], 
                    "bp": false, 
                    "element_id": 921399300000013, 
                    "enable": true
                }, 
                {
                    "action_type": "REMOVE_BUFF_TYPE", 
                    "args_list": [
                        {
                            "arg_type": 100006, 
                            "args_list": [
                                [
                                    "UNIT_ENTITY", 
                                    "U", 
                                    "actor"
                                ]
                            ], 
                            "sub_type": 11
                        }, 
                        {
                            "arg_type": 100046, 
                            "args_list": [
                                134274569
                            ], 
                            "sub_type": 1
                        }
                    ], 
                    "bp": false, 
                    "element_id": 921399300000014, 
                    "enable": true
                }, 
                {
                    "action_type": "ADD_MODIFIER", 
                    "args_list": [
                        {
                            "arg_type": 100006, 
                            "args_list": [
                                [
                                    "UNIT_ENTITY", 
                                    "U", 
                                    "actor"
                                ], 
                                null
                            ], 
                            "sub_type": 11
                        }, 
                        {
                            "arg_type": 100046, 
                            "args_list": [
                                134217851
                            ], 
                            "sub_type": 1
                        }
                    ], 
                    "bp": false, 
                    "element_id": 921399300000017, 
                    "enable": true, 
                    "op_arg": [
                        {
                            "arg_type": 100006, 
                            "args_list": [
                                [
                                    "UNIT_ENTITY", 
                                    "U", 
                                    "actor"
                                ], 
                                null
                            ], 
                            "sub_type": 11
                        }, 
                        {
                            "arg_type": 100014, 
                            "args_list": [], 
                            "sub_type": "DAMAGE_ABILITY"
                        }, 
                        {
                            "arg_type": 100000, 
                            "args_list": [
                                240.0
                            ], 
                            "sub_type": 1
                        }, 
                        null, 
                        null
                    ], 
                    "op_arg_enable": [
                        true, 
                        true, 
                        true, 
                        false, 
                        false
                    ]
                }
            ], 
            "call_enabled": true, 
            "condition": [
                {
                    "args_list": [
                        {
                            "arg_type": 100000, 
                            "args_list": [], 
                            "sub_type": "HURT_DAMAGE"
                        }, 
                        {
                            "arg_type": 100015, 
                            "args_list": [
                                ">="
                            ], 
                            "sub_type": 1
                        }, 
                        {
                            "arg_type": 100000, 
                            "args_list": [
                                {
                                    "arg_type": 100006, 
                                    "args_list": [
                                        [
                                            "UNIT_ENTITY", 
                                            "U", 
                                            "actor"
                                        ], 
                                        null
                                    ], 
                                    "sub_type": 11
                                }
                            ], 
                            "sub_type": "GET_HP_CUR"
                        }
                    ], 
                    "condition_type": "FLOAT_COMPARE", 
                    "element_id": 921399300000003, 
                    "enable": true
                }, 
                {
                    "args_list": [
                        {
                            "arg_type": 100021, 
                            "args_list": [
                                {
                                    "args_list": [
                                        {
                                            "arg_type": 100006, 
                                            "args_list": [
                                                [
                                                    "UNIT_ENTITY", 
                                                    "U", 
                                                    "actor"
                                                ], 
                                                null
                                            ], 
                                            "sub_type": 11
                                        }, 
                                        {
                                            "arg_type": 100046, 
                                            "args_list": [
                                                134217851
                                            ], 
                                            "sub_type": 1
                                        }
                                    ], 
                                    "condition_type": "UNIT_HAS_MODIFIER", 
                                    "element_id": 921399300000004, 
                                    "enable": true
                                }
                            ], 
                            "sub_type": 1
                        }
                    ], 
                    "condition_type": "NOT", 
                    "element_id": 921399300000005, 
                    "enable": true
                }
            ], 
            "enabled": false, 
            "event": [
                {
                    "args_list": [
                        {
                            "arg_type": 100006, 
                            "args_list": [
                                [
                                    "UNIT_ENTITY", 
                                    "U", 
                                    "actor"
                                ], 
                                null
                            ], 
                            "sub_type": 11
                        }, 
                        {
                            "arg_type": 100007, 
                            "args_list": [
                                "ET_UNIT_BE_HURT"
                            ], 
                            "sub_type": 1
                        }
                    ], 
                    "element_id": 921399300000001, 
                    "enable": true, 
                    "event_type": "SPECIAL_UNIT_EVENT"
                }
            ], 
            "group_id": 0, 
            "is_conf": true, 
            "p_trigger_id": 1762181121, 
            "sub_trigger_owner_set_var_action": {
                "action_type": "SET_VARIABLE", 
                "args_list": [
                    {
                        "arg_type": 100178, 
                        "args_list": [
                            [
                                "DYNAMIC_TRIGGER_INSTANCE", 
                                "\u7075\u6b66\u7532\u56db\u9636", 
                                "actor"
                            ], 
                            null
                        ], 
                        "sub_type": "VARIABLE"
                    }, 
                    {
                        "arg_type": 100178, 
                        "args_list": [
                            {
                                "arg_type": 1000673, 
                                "args_list": [
                                    921399300
                                ], 
                                "sub_type": 1
                            }
                        ], 
                        "sub_type": "REG_ITEM_TRIGGER"
                    }
                ], 
                "bp": false, 
                "element_id": 1762181121910135, 
                "enable": true
            }, 
            "trigger_id": 921399300, 
            "trigger_name": "\u7075\u6b66\u7532\u56db\u9636\u88ab\u52a8_2", 
            "valid": true
        }, 
        "1441435652": {
            "action": [
                {
                    "action_type": "ADD_BUFF_STACK", 
                    "args_list": [
                        {
                            "arg_type": 100076, 
                            "args_list": [
                                {
                                    "arg_type": 100006, 
                                    "args_list": [
                                        [
                                            "UNIT_ENTITY", 
                                            "U", 
                                            "actor"
                                        ], 
                                        null
                                    ], 
                                    "sub_type": 11
                                }, 
                                {
                                    "arg_type": 100046, 
                                    "args_list": [
                                        134268661
                                    ], 
                                    "sub_type": 1
                                }
                            ], 
                            "sub_type": "GET_LAST_MODIFIER_INSTANCE"
                        }, 
                        {
                            "arg_type": 100002, 
                            "args_list": [
                                -1
                            ], 
                            "sub_type": 1
                        }
                    ], 
                    "bp": false, 
                    "element_id": 1441435652000005, 
                    "enable": true
                }
            ], 
            "call_enabled": true, 
            "condition": [
                {
                    "args_list": [
                        {
                            "arg_type": 100021, 
                            "args_list": [
                                {
                                    "args_list": [
                                        {
                                            "arg_type": 100182, 
                                            "args_list": [
                                                {
                                                    "arg_type": 100014, 
                                                    "args_list": [], 
                                                    "sub_type": "DAMAGE_ABILITY"
                                                }
                                            ], 
                                            "sub_type": "TYPE_OF_ABILITY"
                                        }, 
                                        {
                                            "arg_type": 100035, 
                                            "args_list": [
                                                "=="
                                            ], 
                                            "sub_type": 1
                                        }, 
                                        {
                                            "arg_type": 100182, 
                                            "args_list": [
                                                1
                                            ], 
                                            "sub_type": 1
                                        }
                                    ], 
                                    "condition_type": "ABILITY_TYPE_COMPARE", 
                                    "element_id": 1441435652000002, 
                                    "enable": true
                                }, 
                                {
                                    "args_list": [
                                        {
                                            "arg_type": 100010, 
                                            "args_list": [
                                                1
                                            ], 
                                            "sub_type": 1
                                        }, 
                                        {
                                            "arg_type": 100035, 
                                            "args_list": [
                                                "=="
                                            ], 
                                            "sub_type": 1
                                        }, 
                                        {
                                            "arg_type": 100010, 
                                            "args_list": [
                                                {
                                                    "arg_type": 100006, 
                                                    "args_list": [], 
                                                    "sub_type": "DAMAGE_SOURCE_UNIT"
                                                }
                                            ], 
                                            "sub_type": "GET_UNIT_TYPE"
                                        }
                                    ], 
                                    "condition_type": "UNIT_TYPE_COMPARE", 
                                    "element_id": 1441435652000003, 
                                    "enable": true
                                }
                            ], 
                            "sub_type": 1
                        }
                    ], 
                    "condition_type": "AND", 
                    "element_id": 1441435652000004, 
                    "enable": true
                }
            ], 
            "enabled": false, 
            "event": [
                {
                    "args_list": [
                        {
                            "arg_type": 100006, 
                            "args_list": [
                                [
                                    "UNIT_ENTITY", 
                                    "U", 
                                    "actor"
                                ], 
                                null
                            ], 
                            "sub_type": 11
                        }, 
                        {
                            "arg_type": 100007, 
                            "args_list": [
                                "ET_UNIT_BE_HURT"
                            ], 
                            "sub_type": 1
                        }
                    ], 
                    "element_id": 1441435652000001, 
                    "enable": true, 
                    "event_type": "SPECIAL_UNIT_EVENT"
                }
            ], 
            "group_id": 0, 
            "is_conf": true, 
            "p_trigger_id": 1762181121, 
            "sub_trigger_owner_set_var_action": {
                "action_type": "SET_VARIABLE", 
                "args_list": [
                    {
                        "arg_type": 100178, 
                        "args_list": [
                            [
                                "DYNAMIC_TRIGGER_INSTANCE", 
                                "\u7075\u6b66\u7532\u4e09\u9636\u6218\u6597", 
                                "actor"
                            ], 
                            null
                        ], 
                        "sub_type": "VARIABLE"
                    }, 
                    {
                        "arg_type": 100178, 
                        "args_list": [
                            {
                                "arg_type": 1000673, 
                                "args_list": [
                                    1441435652
                                ], 
                                "sub_type": 1
                            }
                        ], 
                        "sub_type": "REG_ITEM_TRIGGER"
                    }
                ], 
                "bp": false, 
                "element_id": 1762181121910136, 
                "enable": true
            }, 
            "trigger_id": 1441435652, 
            "trigger_name": "\u7075\u6b66\u7532\u4e09\u9636\u8fdb\u5165\u6218\u6597\u72b6\u6001_2", 
            "valid": true
        }, 
        "1762181121": {
            "action": [
                {
                    "action_type": "SET_VARIABLE", 
                    "args_list": [
                        {
                            "arg_type": 100030, 
                            "args_list": [
                                [
                                    "UNIT_ENTITY", 
                                    "U", 
                                    "actor"
                                ]
                            ], 
                            "sub_type": 1
                        }, 
                        {
                            "arg_type": 100006, 
                            "args_list": [], 
                            "sub_type": "LAST_ADD_ITEM_UNIT"
                        }
                    ], 
                    "bp": false, 
                    "element_id": 789045249910088, 
                    "enable": true
                }, 
                1441435652, 
                {
                    "action_type": "RUN_LOOP_TIMER", 
                    "args_list": [
                        {
                            "arg_type": 100181, 
                            "args_list": [
                                [
                                    "NEW_TIMER", 
                                    "lw", 
                                    "actor"
                                ], 
                                null
                            ], 
                            "sub_type": "VARIABLE"
                        }, 
                        {
                            "arg_type": 100000, 
                            "args_list": [
                                8.0
                            ], 
                            "sub_type": 1
                        }, 
                        {
                            "arg_type": 100001, 
                            "args_list": [
                                false
                            ], 
                            "sub_type": 1
                        }, 
                        {
                            "arg_type": 100022, 
                            "args_list": [
                                {
                                    "action_type": "IF_THEN_ELSE", 
                                    "args_list": [
                                        {
                                            "arg_type": 100021, 
                                            "args_list": [
                                                {
                                                    "args_list": [
                                                        {
                                                            "arg_type": 100006, 
                                                            "args_list": [
                                                                [
                                                                    "UNIT_ENTITY", 
                                                                    "U", 
                                                                    "actor"
                                                                ], 
                                                                null
                                                            ], 
                                                            "sub_type": 11
                                                        }
                                                    ], 
                                                    "condition_type": "IS_IN_BATTLE", 
                                                    "element_id": 1762181121910133, 
                                                    "enable": true
                                                }
                                            ], 
                                            "sub_type": 1
                                        }, 
                                        {
                                            "arg_type": 100022, 
                                            "args_list": [], 
                                            "sub_type": 1
                                        }, 
                                        {
                                            "arg_type": 100022, 
                                            "args_list": [
                                                {
                                                    "action_type": "ADD_MODIFIER", 
                                                    "args_list": [
                                                        {
                                                            "arg_type": 100006, 
                                                            "args_list": [
                                                                [
                                                                    "UNIT_ENTITY", 
                                                                    "U", 
                                                                    "actor"
                                                                ], 
                                                                null
                                                            ], 
                                                            "sub_type": 11
                                                        }, 
                                                        {
                                                            "arg_type": 100046, 
                                                            "args_list": [
                                                                134268661
                                                            ], 
                                                            "sub_type": 1
                                                        }
                                                    ], 
                                                    "bp": false, 
                                                    "element_id": 17386496070002, 
                                                    "enable": true, 
                                                    "op_arg": [
                                                        {
                                                            "arg_type": 100006, 
                                                            "args_list": [
                                                                [
                                                                    "UNIT_ENTITY", 
                                                                    "U", 
                                                                    "actor"
                                                                ], 
                                                                null
                                                            ], 
                                                            "sub_type": 11
                                                        }, 
                                                        null, 
                                                        null, 
                                                        null, 
                                                        {
                                                            "arg_type": 100002, 
                                                            "args_list": [
                                                                1
                                                            ], 
                                                            "sub_type": 1
                                                        }
                                                    ], 
                                                    "op_arg_enable": [
                                                        true, 
                                                        false, 
                                                        false, 
                                                        false, 
                                                        true
                                                    ]
                                                }
                                            ], 
                                            "sub_type": 1
                                        }
                                    ], 
                                    "bp": false, 
                                    "element_id": 1762181121910125, 
                                    "enable": true, 
                                    "fake_op": [
                                        2
                                    ]
                                }
                            ], 
                            "sub_type": 1
                        }
                    ], 
                    "bp": false, 
                    "element_id": 17386496070003, 
                    "enable": true, 
                    "local_var": [
                        {}, 
                        {}
                    ]
                }, 
                921399300, 
                {
                    "action_type": "IF_THEN_ELSE", 
                    "args_list": [
                        {
                            "arg_type": 100021, 
                            "args_list": [
                                {
                                    "args_list": [
                                        {
                                            "arg_type": 100021, 
                                            "args_list": [
                                                {
                                                    "args_list": [
                                                        {
                                                            "arg_type": 100006, 
                                                            "args_list": [
                                                                [
                                                                    "UNIT_ENTITY", 
                                                                    "U", 
                                                                    "actor"
                                                                ], 
                                                                null
                                                            ], 
                                                            "sub_type": 11
                                                        }, 
                                                        {
                                                            "arg_type": 100046, 
                                                            "args_list": [
                                                                134217851
                                                            ], 
                                                            "sub_type": 1
                                                        }
                                                    ], 
                                                    "condition_type": "UNIT_HAS_MODIFIER", 
                                                    "element_id": 1353822218000004, 
                                                    "enable": true
                                                }
                                            ], 
                                            "sub_type": 1
                                        }
                                    ], 
                                    "condition_type": "NOT", 
                                    "element_id": 1353822218000005, 
                                    "enable": true
                                }
                            ], 
                            "sub_type": 1
                        }, 
                        {
                            "arg_type": 100022, 
                            "args_list": [
                                {
                                    "action_type": "ADD_MODIFIER", 
                                    "args_list": [
                                        {
                                            "arg_type": 100006, 
                                            "args_list": [
                                                [
                                                    "UNIT_ENTITY", 
                                                    "U", 
                                                    "actor"
                                                ]
                                            ], 
                                            "sub_type": 11
                                        }, 
                                        {
                                            "arg_type": 100046, 
                                            "args_list": [
                                                134274569
                                            ], 
                                            "sub_type": 1
                                        }
                                    ], 
                                    "bp": false, 
                                    "element_id": 1677176841587740, 
                                    "enable": true, 
                                    "op_arg": [
                                        {
                                            "arg_type": 100006, 
                                            "args_list": [
                                                [
                                                    "UNIT_ENTITY", 
                                                    "U", 
                                                    "actor"
                                                ]
                                            ], 
                                            "sub_type": 11
                                        }, 
                                        null, 
                                        null, 
                                        null, 
                                        null
                                    ], 
                                    "op_arg_enable": [
                                        true, 
                                        false, 
                                        false, 
                                        false, 
                                        false
                                    ]
                                }
                            ], 
                            "sub_type": 1
                        }, 
                        {
                            "arg_type": 100022, 
                            "args_list": [], 
                            "sub_type": 1
                        }
                    ], 
                    "bp": false, 
                    "element_id": 1762181121910138, 
                    "enable": true, 
                    "fake_op": [
                        2
                    ]
                }
            ], 
            "call_enabled": true, 
            "condition": [], 
            "enabled": true, 
            "event": [
                {
                    "args_list": [], 
                    "element_id": 17621811210001, 
                    "enable": true, 
                    "event_type": "ITEM_ADD_EVENT"
                }
            ], 
            "group_id": 134221867, 
            "p_trigger_id": null, 
            "trigger_id": 1762181121, 
            "trigger_name": "\u65b0\u5efa\u89e6\u53d1\u5668", 
            "valid": true
        }
    }, 
    "trigger_group_info": [
        [
            921399300, 
            "\u7075\u6b66\u7532\u56db\u9636\u88ab\u52a8_2"
        ], 
        [
            1441435652, 
            "\u7075\u6b66\u7532\u4e09\u9636\u8fdb\u5165\u6218\u6597\u72b6\u6001_2"
        ], 
        {
            "_trigger_group_": true, 
            "group": [
                [
                    121077768, 
                    "\u65b0\u5efa\u89e6\u53d1\u5668_2"
                ], 
                [
                    1762181121, 
                    "\u65b0\u5efa\u89e6\u53d1\u5668"
                ]
            ], 
            "key": 134221867, 
            "name": "134221867"
        }
    ], 
    "trigger_version": "1.2", 
    "variable_dict": {
        "BOOLEAN": {
            "\u82df\u6d3b": true
        }, 
        "DYNAMIC_TRIGGER_INSTANCE": {
            "\u7075\u6b66\u75323\u9636": 0, 
            "\u7075\u6b66\u7532\u4e09\u9636\u6218\u6597": 0, 
            "\u7075\u6b66\u7532\u56db\u9636": 0
        }, 
        "MODIFIER_ENTITY": {
            "halo": 0
        }, 
        "NEW_TIMER": {
            "lw": -1
        }, 
        "UNIT_ENTITY": {
            "U": 0
        }
    }, 
    "variable_group_info": [
        [
            "\u7075\u6b66\u75323\u9636", 
            "(\u7075\u6b66\u75323\u9636)"
        ], 
        [
            "\u7075\u6b66\u7532\u56db\u9636", 
            "(\u7075\u6b66\u7532\u56db\u9636)"
        ], 
        [
            "halo", 
            "(halo)"
        ], 
        [
            "\u7075\u6b66\u7532\u4e09\u9636\u6218\u6597", 
            "(\u7075\u6b66\u7532\u4e09\u9636\u6218\u6597)"
        ], 
        [
            "\u82df\u6d3b", 
            "(\u82df\u6d3b)"
        ], 
        [
            "U", 
            "(U)"
        ], 
        [
            "lw", 
            "(lw)"
        ]
    ], 
    "variable_length_dict": {
        "U": 0, 
        "halo": 0, 
        "lw": 0, 
        "\u7075\u6b66\u75323\u9636": 0, 
        "\u7075\u6b66\u7532\u4e09\u9636\u6218\u6597": 0, 
        "\u7075\u6b66\u7532\u56db\u9636": 0, 
        "\u82df\u6d3b": 0
    }
}