{
    "local_variable": {
        "117964801": {
            "variable_dict": {
                "FLOAT": {}
            }, 
            "variable_length_dict": {}
        }
    }, 
    "trigger_dict": {
        "117964801": {
            "action": [
                {
                    "action_type": "SET_VARIABLE", 
                    "args_list": [
                        {
                            "arg_type": 100030, 
                            "args_list": [
                                [
                                    "UNIT_ENTITY", 
                                    "U", 
                                    "actor"
                                ]
                            ], 
                            "sub_type": 1
                        }, 
                        {
                            "arg_type": 100006, 
                            "args_list": [], 
                            "sub_type": "LAST_ADD_ITEM_UNIT"
                        }
                    ], 
                    "bp": false, 
                    "element_id": 789045249910088, 
                    "enable": true
                }, 
                1641959433, 
                {
                    "action_type": "ADD_MODIFIER", 
                    "args_list": [
                        {
                            "arg_type": 100006, 
                            "args_list": [
                                [
                                    "UNIT_ENTITY", 
                                    "U", 
                                    "actor"
                                ], 
                                null
                            ], 
                            "sub_type": 11
                        }, 
                        {
                            "arg_type": 100046, 
                            "args_list": [
                                134233734
                            ], 
                            "sub_type": 1
                        }
                    ], 
                    "bp": false, 
                    "element_id": 109817862620007, 
                    "enable": true, 
                    "op_arg": [
                        {
                            "arg_type": 100006, 
                            "args_list": [
                                [
                                    "UNIT_ENTITY", 
                                    "U", 
                                    "actor"
                                ], 
                                null
                            ], 
                            "sub_type": 11
                        }, 
                        null, 
                        {
                            "arg_type": 100000, 
                            "args_list": [
                                5.0
                            ], 
                            "sub_type": 1
                        }, 
                        null, 
                        {
                            "arg_type": 100002, 
                            "args_list": [
                                [
                                    "INTEGER", 
                                    "\u65f6\u5149", 
                                    "actor"
                                ], 
                                null
                            ], 
                            "sub_type": 6
                        }
                    ], 
                    "op_arg_enable": [
                        true, 
                        false, 
                        false, 
                        false, 
                        true
                    ]
                }, 
                1474211849
            ], 
            "call_enabled": true, 
            "condition": [], 
            "enabled": true, 
            "event": [
                {
                    "args_list": [], 
                    "element_id": 1179648010001, 
                    "enable": true, 
                    "event_type": "ITEM_ADD_EVENT"
                }
            ], 
            "group_id": 134262215, 
            "p_trigger_id": null, 
            "trigger_id": 117964801, 
            "trigger_name": "\u65b0\u5efa\u89e6\u53d1\u5668", 
            "valid": true
        }, 
        "1227964422": {
            "action": [
                {
                    "action_type": "UNREG_TRIGGER", 
                    "args_list": [
                        {
                            "arg_type": 100178, 
                            "args_list": [
                                [
                                    "DYNAMIC_TRIGGER_INSTANCE", 
                                    "\u53ec\u9b42\u51a5\u6756\u56db\u9636", 
                                    "actor"
                                ], 
                                null
                            ], 
                            "sub_type": "VARIABLE"
                        }
                    ], 
                    "bp": false, 
                    "element_id": 12279644220005, 
                    "enable": true
                }, 
                {
                    "action_type": "UNREG_TRIGGER", 
                    "args_list": [
                        {
                            "arg_type": 100178, 
                            "args_list": [
                                [
                                    "DYNAMIC_TRIGGER_INSTANCE", 
                                    "\u53ec\u9b42\u51a5\u6756\u4e8c\u9636", 
                                    "actor"
                                ], 
                                null
                            ], 
                            "sub_type": "VARIABLE"
                        }
                    ], 
                    "bp": false, 
                    "element_id": 12279644220007, 
                    "enable": true
                }, 
                {
                    "action_type": "REMOVE_BUFF_TYPE", 
                    "args_list": [
                        {
                            "arg_type": 100006, 
                            "args_list": [
                                [
                                    "UNIT_ENTITY", 
                                    "U", 
                                    "actor"
                                ], 
                                null
                            ], 
                            "sub_type": 11
                        }, 
                        {
                            "arg_type": 100046, 
                            "args_list": [
                                134243603
                            ], 
                            "sub_type": 1
                        }
                    ], 
                    "bp": false, 
                    "element_id": 1227964422220015, 
                    "enable": true
                }, 
                {
                    "action_type": "REMOVE_BUFF_TYPE", 
                    "args_list": [
                        {
                            "arg_type": 100006, 
                            "args_list": [
                                [
                                    "UNIT_ENTITY", 
                                    "U", 
                                    "actor"
                                ], 
                                null
                            ], 
                            "sub_type": 11
                        }, 
                        {
                            "arg_type": 100046, 
                            "args_list": [
                                134233734
                            ], 
                            "sub_type": 1
                        }
                    ], 
                    "bp": false, 
                    "element_id": 1227964422220017, 
                    "enable": true
                }
            ], 
            "call_enabled": true, 
            "condition": [], 
            "enabled": true, 
            "event": [
                {
                    "args_list": [], 
                    "element_id": 12279644220002, 
                    "enable": true, 
                    "event_type": "ITEM_REMOVE_EVENT"
                }
            ], 
            "group_id": 134262215, 
            "p_trigger_id": null, 
            "trigger_id": 1227964422, 
            "trigger_name": "\u65b0\u5efa\u89e6\u53d1\u5668_2", 
            "valid": true
        }, 
        "1474211849": {
            "action": [
                {
                    "action_type": "IF_THEN_ELSE", 
                    "args_list": [
                        {
                            "arg_type": 100021, 
                            "args_list": [
                                {
                                    "args_list": [
                                        {
                                            "arg_type": 100002, 
                                            "args_list": [
                                                [
                                                    "INTEGER", 
                                                    "\u65f6\u5149", 
                                                    "actor"
                                                ], 
                                                null
                                            ], 
                                            "sub_type": 6
                                        }, 
                                        {
                                            "arg_type": 100015, 
                                            "args_list": [
                                                "<"
                                            ], 
                                            "sub_type": 1
                                        }, 
                                        {
                                            "arg_type": 100000, 
                                            "args_list": [
                                                10.0
                                            ], 
                                            "sub_type": 1
                                        }
                                    ], 
                                    "condition_type": "FLOAT_COMPARE", 
                                    "element_id": 1474211849000002, 
                                    "enable": true
                                }
                            ], 
                            "sub_type": 1
                        }, 
                        {
                            "arg_type": 100022, 
                            "args_list": [
                                {
                                    "action_type": "ADD_MODIFIER", 
                                    "args_list": [
                                        {
                                            "arg_type": 100006, 
                                            "args_list": [
                                                [
                                                    "UNIT_ENTITY", 
                                                    "U", 
                                                    "actor"
                                                ], 
                                                null
                                            ], 
                                            "sub_type": 11
                                        }, 
                                        {
                                            "arg_type": 100046, 
                                            "args_list": [
                                                134233734
                                            ], 
                                            "sub_type": 1
                                        }
                                    ], 
                                    "bp": false, 
                                    "element_id": 1474211849000003, 
                                    "enable": true, 
                                    "op_arg": [
                                        {
                                            "arg_type": 100006, 
                                            "args_list": [
                                                [
                                                    "UNIT_ENTITY", 
                                                    "U", 
                                                    "actor"
                                                ], 
                                                null
                                            ], 
                                            "sub_type": 11
                                        }, 
                                        null, 
                                        {
                                            "arg_type": 100000, 
                                            "args_list": [
                                                5.0
                                            ], 
                                            "sub_type": 1
                                        }, 
                                        null, 
                                        {
                                            "arg_type": 100002, 
                                            "args_list": [
                                                1
                                            ], 
                                            "sub_type": 1
                                        }
                                    ], 
                                    "op_arg_enable": [
                                        true, 
                                        false, 
                                        false, 
                                        false, 
                                        true
                                    ]
                                }, 
                                {
                                    "action_type": "ADD_ITEM_ATTR", 
                                    "args_list": [
                                        {
                                            "arg_type": 100031, 
                                            "args_list": [], 
                                            "sub_type": "CUR_ITEM"
                                        }, 
                                        {
                                            "arg_type": 100300, 
                                            "args_list": [
                                                "ATTR_BONUS"
                                            ], 
                                            "sub_type": 1
                                        }, 
                                        {
                                            "arg_type": 100042, 
                                            "args_list": [
                                                "hp_max"
                                            ], 
                                            "sub_type": 1
                                        }, 
                                        {
                                            "arg_type": 100000, 
                                            "args_list": [
                                                20.0
                                            ], 
                                            "sub_type": 1
                                        }
                                    ], 
                                    "bp": false, 
                                    "element_id": 1474211849000004, 
                                    "enable": true
                                }, 
                                {
                                    "action_type": "ADD_ITEM_ATTR", 
                                    "args_list": [
                                        {
                                            "arg_type": 100031, 
                                            "args_list": [], 
                                            "sub_type": "CUR_ITEM"
                                        }, 
                                        {
                                            "arg_type": 100300, 
                                            "args_list": [
                                                "ATTR_BONUS"
                                            ], 
                                            "sub_type": 1
                                        }, 
                                        {
                                            "arg_type": 100042, 
                                            "args_list": [
                                                "mp_max"
                                            ], 
                                            "sub_type": 1
                                        }, 
                                        {
                                            "arg_type": 100000, 
                                            "args_list": [
                                                20.0
                                            ], 
                                            "sub_type": 1
                                        }
                                    ], 
                                    "bp": false, 
                                    "element_id": 1474211849000005, 
                                    "enable": true
                                }, 
                                {
                                    "action_type": "ADD_ITEM_ATTR", 
                                    "args_list": [
                                        {
                                            "arg_type": 100031, 
                                            "args_list": [], 
                                            "sub_type": "CUR_ITEM"
                                        }, 
                                        {
                                            "arg_type": 100300, 
                                            "args_list": [
                                                "ATTR_BONUS"
                                            ], 
                                            "sub_type": 1
                                        }, 
                                        {
                                            "arg_type": 100042, 
                                            "args_list": [
                                                "attack_mag"
                                            ], 
                                            "sub_type": 1
                                        }, 
                                        {
                                            "arg_type": 100000, 
                                            "args_list": [
                                                2.0
                                            ], 
                                            "sub_type": 1
                                        }
                                    ], 
                                    "bp": false, 
                                    "element_id": 1474211849000006, 
                                    "enable": true
                                }, 
                                {
                                    "action_type": "SET_VARIABLE", 
                                    "args_list": [
                                        {
                                            "arg_type": 100030, 
                                            "args_list": [
                                                [
                                                    "INTEGER", 
                                                    "\u65f6\u5149", 
                                                    "actor"
                                                ]
                                            ], 
                                            "sub_type": 1
                                        }, 
                                        {
                                            "arg_type": 100002, 
                                            "args_list": [
                                                {
                                                    "arg_type": 100002, 
                                                    "args_list": [
                                                        [
                                                            "INTEGER", 
                                                            "\u65f6\u5149", 
                                                            "actor"
                                                        ], 
                                                        null
                                                    ], 
                                                    "sub_type": 6
                                                }
                                            ], 
                                            "sub_type": "INT_PLUS_ONE"
                                        }
                                    ], 
                                    "bp": false, 
                                    "element_id": 1474211849000007, 
                                    "enable": true
                                }
                            ], 
                            "sub_type": 1
                        }, 
                        {
                            "arg_type": 100022, 
                            "args_list": [], 
                            "sub_type": 1
                        }
                    ], 
                    "bp": false, 
                    "element_id": 1474211849000008, 
                    "enable": true, 
                    "fake_op": [
                        2
                    ]
                }
            ], 
            "call_enabled": true, 
            "condition": [], 
            "enabled": false, 
            "event": [
                {
                    "args_list": [
                        {
                            "arg_type": 100000, 
                            "args_list": [
                                60.0
                            ], 
                            "sub_type": 1
                        }
                    ], 
                    "element_id": 1474211849000001, 
                    "enable": true, 
                    "event_type": "GAME_ELAPSE_REPEAT"
                }
            ], 
            "group_id": 0, 
            "is_conf": true, 
            "p_trigger_id": 117964801, 
            "sub_trigger_owner_set_var_action": {
                "action_type": "SET_VARIABLE", 
                "args_list": [
                    {
                        "arg_type": 100178, 
                        "args_list": [
                            [
                                "DYNAMIC_TRIGGER_INSTANCE", 
                                "\u53ec\u9b42\u51a5\u6756\u56db\u9636", 
                                "actor"
                            ], 
                            null
                        ], 
                        "sub_type": "VARIABLE"
                    }, 
                    {
                        "arg_type": 100178, 
                        "args_list": [
                            {
                                "arg_type": 1000673, 
                                "args_list": [
                                    1474211849
                                ], 
                                "sub_type": 1
                            }
                        ], 
                        "sub_type": "REG_ITEM_TRIGGER"
                    }
                ], 
                "bp": false, 
                "element_id": 117964801910091, 
                "enable": true
            }, 
            "trigger_id": 1474211849, 
            "trigger_name": "\u53ec\u9b42\u51a5\u67564\u9636_2", 
            "valid": true
        }, 
        "1641959433": {
            "action": [
                {
                    "action_type": "RUN_COUNT_TIMER_NO_SAVE", 
                    "args_list": [
                        {
                            "arg_type": 100000, 
                            "args_list": [
                                1.0
                            ], 
                            "sub_type": 1
                        }, 
                        {
                            "arg_type": 100002, 
                            "args_list": [
                                5
                            ], 
                            "sub_type": 1
                        }, 
                        {
                            "arg_type": 100001, 
                            "args_list": [
                                false
                            ], 
                            "sub_type": 1
                        }, 
                        {
                            "arg_type": 100022, 
                            "args_list": [
                                {
                                    "action_type": "ADD_CUR_HP", 
                                    "args_list": [
                                        {
                                            "arg_type": 100006, 
                                            "args_list": [], 
                                            "sub_type": "LAST_ADD_ITEM_UNIT"
                                        }, 
                                        {
                                            "arg_type": 100000, 
                                            "args_list": [
                                                20.0
                                            ], 
                                            "sub_type": 1
                                        }
                                    ], 
                                    "bp": false, 
                                    "element_id": 1641959433000002, 
                                    "enable": true
                                }, 
                                {
                                    "action_type": "ADD_CUR_MP", 
                                    "args_list": [
                                        {
                                            "arg_type": 100006, 
                                            "args_list": [
                                                {
                                                    "arg_type": 100031, 
                                                    "args_list": [], 
                                                    "sub_type": "CUR_ITEM"
                                                }
                                            ], 
                                            "sub_type": "ITEM_OWNER"
                                        }, 
                                        {
                                            "arg_type": 100000, 
                                            "args_list": [
                                                30.0
                                            ], 
                                            "sub_type": 1
                                        }
                                    ], 
                                    "bp": false, 
                                    "element_id": 1641959433000003, 
                                    "enable": true
                                }
                            ], 
                            "sub_type": 1
                        }
                    ], 
                    "bp": false, 
                    "element_id": 1641959433000004, 
                    "enable": true, 
                    "local_var": [
                        {}, 
                        {}
                    ]
                }, 
                {
                    "action_type": "ADD_MODIFIER", 
                    "args_list": [
                        {
                            "arg_type": 100006, 
                            "args_list": [
                                [
                                    "UNIT_ENTITY", 
                                    "U", 
                                    "actor"
                                ], 
                                null
                            ], 
                            "sub_type": 11
                        }, 
                        {
                            "arg_type": 100046, 
                            "args_list": [
                                134243603
                            ], 
                            "sub_type": 1
                        }
                    ], 
                    "bp": false, 
                    "element_id": 1641959433000005, 
                    "enable": true, 
                    "op_arg": [
                        {
                            "arg_type": 100006, 
                            "args_list": [
                                [
                                    "UNIT_ENTITY", 
                                    "U", 
                                    "actor"
                                ], 
                                null
                            ], 
                            "sub_type": 11
                        }, 
                        null, 
                        {
                            "arg_type": 100000, 
                            "args_list": [
                                5.0
                            ], 
                            "sub_type": 1
                        }, 
                        null, 
                        null
                    ], 
                    "op_arg_enable": [
                        true, 
                        false, 
                        true, 
                        false, 
                        false
                    ]
                }
            ], 
            "call_enabled": true, 
            "condition": [], 
            "enabled": false, 
            "event": [
                {
                    "args_list": [
                        {
                            "arg_type": 100006, 
                            "args_list": [
                                [
                                    "UNIT_ENTITY", 
                                    "U", 
                                    "actor"
                                ], 
                                null
                            ], 
                            "sub_type": 11
                        }, 
                        {
                            "arg_type": 100007, 
                            "args_list": [
                                "ET_UPGRADE_UNIT"
                            ], 
                            "sub_type": 1
                        }
                    ], 
                    "element_id": 1641959433000001, 
                    "enable": true, 
                    "event_type": "SPECIAL_UNIT_EVENT"
                }
            ], 
            "group_id": 0, 
            "is_conf": true, 
            "p_trigger_id": 117964801, 
            "sub_trigger_owner_set_var_action": {
                "action_type": "SET_VARIABLE", 
                "args_list": [
                    {
                        "arg_type": 100178, 
                        "args_list": [
                            [
                                "DYNAMIC_TRIGGER_INSTANCE", 
                                "\u53ec\u9b42\u51a5\u6756\u4e8c\u9636", 
                                "actor"
                            ], 
                            null
                        ], 
                        "sub_type": "VARIABLE"
                    }, 
                    {
                        "arg_type": 100178, 
                        "args_list": [
                            {
                                "arg_type": 1000673, 
                                "args_list": [
                                    1641959433
                                ], 
                                "sub_type": 1
                            }
                        ], 
                        "sub_type": "REG_ITEM_TRIGGER"
                    }
                ], 
                "bp": false, 
                "element_id": 117964801910090, 
                "enable": true
            }, 
            "trigger_id": 1641959433, 
            "trigger_name": "\u53ec\u9b42\u51a5\u67562\u9636_2", 
            "valid": true
        }
    }, 
    "trigger_group_info": [
        [
            1474211849, 
            "\u53ec\u9b42\u51a5\u67564\u9636_2"
        ], 
        [
            1641959433, 
            "\u53ec\u9b42\u51a5\u67562\u9636_2"
        ], 
        {
            "_trigger_group_": true, 
            "group": [
                [
                    117964801, 
                    "\u65b0\u5efa\u89e6\u53d1\u5668"
                ], 
                [
                    1227964422, 
                    "\u65b0\u5efa\u89e6\u53d1\u5668_2"
                ]
            ], 
            "key": 134262215, 
            "name": "134262215"
        }
    ], 
    "trigger_version": "1.2", 
    "variable_dict": {
        "DYNAMIC_TRIGGER_INSTANCE": {
            "\u53ec\u9b42\u51a5\u6756\u4e8c\u9636": 0, 
            "\u53ec\u9b42\u51a5\u6756\u56db\u9636": 0
        }, 
        "INTEGER": {
            "\u65f6\u5149": 0
        }, 
        "MODIFIER_ENTITY": {
            "halo": 0
        }, 
        "UNIT_ENTITY": {
            "U": 0
        }
    }, 
    "variable_group_info": [
        [
            "\u53ec\u9b42\u51a5\u6756\u56db\u9636", 
            "(\u53ec\u9b42\u51a5\u6756\u56db\u9636)"
        ], 
        [
            "\u53ec\u9b42\u51a5\u6756\u4e8c\u9636", 
            "(\u53ec\u9b42\u51a5\u6756\u4e8c\u9636)"
        ], 
        [
            "halo", 
            "(halo)"
        ], 
        [
            "U", 
            "(U)"
        ], 
        [
            "\u65f6\u5149", 
            "(\u65f6\u5149)"
        ]
    ], 
    "variable_length_dict": {
        "U": 0, 
        "halo": 0, 
        "\u53ec\u9b42\u51a5\u6756\u4e8c\u9636": 0, 
        "\u53ec\u9b42\u51a5\u6756\u56db\u9636": 0, 
        "\u65f6\u5149": 0
    }
}