{
    "local_variable": {}, 
    "trigger_dict": {
        "1712537601": {
            "action": [
                {
                    "action_type": "CALL_TRIGGER_FUNC", 
                    "args_list": [
                        {
                            "arg_type": 100177, 
                            "args_list": [
                                {
                                    "arg_type": 100003, 
                                    "args_list": [
                                        "make\uff1b\u6263\u5206"
                                    ], 
                                    "sub_type": 1
                                }
                            ], 
                            "op_arg": [], 
                            "op_arg_enable": [], 
                            "sub_type": "623ae2e18b3411ed94a470b5e84281ea"
                        }
                    ], 
                    "bp": false, 
                    "call_rt_arg_idxes": [], 
                    "element_id": 1712537601000011, 
                    "enable": true
                }
            ], 
            "call_enabled": true, 
            "condition": [], 
            "enabled": true, 
            "event": [
                {
                    "args_list": [], 
                    "element_id": 1712537601000006, 
                    "enable": true, 
                    "event_type": "ITEM_CREATE_EVENT"
                }
            ], 
            "group_id": 134223504, 
            "p_trigger_id": null, 
            "trigger_id": 1712537601, 
            "trigger_name": "make", 
            "valid": true
        }
    }, 
    "trigger_group_info": [
        {
            "_trigger_group_": true, 
            "group": [
                [
                    1712537601, 
                    "make"
                ]
            ], 
            "key": 134223504, 
            "name": "134223504"
        }
    ], 
    "trigger_version": "1.2", 
    "variable_dict": {}, 
    "variable_group_info": [], 
    "variable_length_dict": {}
}