{
    "describe": 314693813, 
    "editor_res": false, 
    "key": 100287, 
    "map_name": "h52", 
    "model_id": 100287, 
    "name": -1082078209, 
    "offical_tags": {
        "__tuple__": true, 
        "items": [
            "code_Cartoon", 
            "code_2D", 
            "code_Hero", 
            "code_Female", 
            "code_Youth", 
            "code_Strong", 
            "code_Assassin", 
            "code_Dagger", 
            "code_Black"
        ]
    }, 
    "preview_icon": "UP1ModelPreview/100287", 
    "release_delete": {
        "__tuple__": true, 
        "items": [
            "edu"
        ]
    }, 
    "release_hide": false, 
    "res_identify": "all", 
    "select_effect_scale": 0.01, 
    "socket_info": {
        "attack": {
            "__tuple__": true, 
            "items": [
                "attack", 
                "", 
                0.0, 
                0.0, 
                0.0
            ]
        }, 
        "attack1": {
            "__tuple__": true, 
            "items": [
                "attack1", 
                "bip001 l hand", 
                0.0, 
                0.0, 
                0.0
            ]
        }, 
        "attack2": {
            "__tuple__": true, 
            "items": [
                "attack2", 
                "bip001 r hand", 
                0.0, 
                0.0, 
                0.0
            ]
        }, 
        "blood": {
            "__tuple__": true, 
            "items": [
                "blood", 
                "bip001 spine1", 
                0.0, 
                0.0, 
                0.0
            ]
        }, 
        "centroid": {
            "__tuple__": true, 
            "items": [
                "centroid", 
                "Scene Root", 
                0.0, 
                0.9, 
                0.0
            ]
        }, 
        "foot1": {
            "__tuple__": true, 
            "items": [
                "foot1", 
                "bip001 l foot", 
                0.0, 
                0.0, 
                0.0
            ]
        }, 
        "foot2": {
            "__tuple__": true, 
            "items": [
                "foot2", 
                "bip001 r foot", 
                0.0, 
                0.0, 
                0.0
            ]
        }, 
        "hand1": {
            "__tuple__": true, 
            "items": [
                "hand1", 
                "bip001 l hand", 
                0.0, 
                0.0, 
                0.0
            ]
        }, 
        "hand2": {
            "__tuple__": true, 
            "items": [
                "hand2", 
                "bip001 r hand", 
                0.0, 
                0.0, 
                0.0
            ]
        }, 
        "head": {
            "__tuple__": true, 
            "items": [
                "head", 
                "bip001 head", 
                0.0, 
                0.0, 
                0.0
            ]
        }, 
        "hit_point": {
            "__tuple__": true, 
            "items": [
                "hit_point", 
                "bip001 spine1", 
                0.0, 
                0.0, 
                0.0
            ]
        }, 
        "origin": {
            "__tuple__": true, 
            "items": [
                "origin", 
                "Scene Root", 
                0.0, 
                0.0, 
                0.0
            ]
        }, 
        "root": {
            "__tuple__": true, 
            "items": [
                "root", 
                "Scene Root", 
                0.0, 
                0.0, 
                0.0
            ]
        }, 
        "sound": {
            "__tuple__": true, 
            "items": [
                "sound", 
                "bip001 head", 
                -0.2, 
                0.1, 
                0.0
            ]
        }, 
        "top": {
            "__tuple__": true, 
            "items": [
                "top", 
                "Scene Root", 
                0.0, 
                1.8, 
                0.0
            ]
        }, 
        "ui_hp": {
            "__tuple__": true, 
            "items": [
                "ui_hp", 
                "Scene Root", 
                0.0, 
                2.3, 
                0.0
            ]
        }
    }, 
    "source": "code_Source_Import", 
    "uid": "editor_model_100287"
}