{
    "describe": 790674445, 
    "key": 100266, 
    "map_name": "H52\u975e\u4eba\u5b66\u56ed", 
    "model_id": 100266, 
    "name": -1287237244, 
    "offical_tags": {
        "__tuple__": true, 
        "items": [
            "code_tag_model_Sci-Fi", 
            "code_tag_model_Mecha", 
            "code_tag_model_Color", 
            "code_tag_model_weapons", 
            "code_tag_model_Defensive towers", 
            "code_tag_model_Metal", 
            "code_tag_model_Architecture"
        ]
    }, 
    "preview_icon": "UP1ModelPreview/100266", 
    "res_identify": "", 
    "select_effect_scale": 5.0, 
    "socket_info": {
        "attack1": {
            "__tuple__": true, 
            "items": [
                "attack1", 
                "bip001 l hand", 
                0.0, 
                0.0, 
                0.0
            ]
        }, 
        "attack2": {
            "__tuple__": true, 
            "items": [
                "attack2", 
                "bip001 r hand", 
                0.0, 
                0.0, 
                0.0
            ]
        }, 
        "blood": {
            "__tuple__": true, 
            "items": [
                "blood", 
                "bip001 spine1", 
                0.0, 
                0.0, 
                0.0
            ]
        }, 
        "buff_01": {
            "__tuple__": true, 
            "items": [
                "buff_01", 
                "", 
                -0.00454299986362, 
                0.00668200016022, 
                -0.00912100017071
            ]
        }, 
        "centroid": {
            "__tuple__": true, 
            "items": [
                "centroid", 
                "Scene Root", 
                0.0, 
                0.85, 
                0.0
            ]
        }, 
        "foot1": {
            "__tuple__": true, 
            "items": [
                "foot1", 
                "bip001 l foot", 
                0.0, 
                0.0, 
                0.0
            ]
        }, 
        "foot2": {
            "__tuple__": true, 
            "items": [
                "foot2", 
                "bip001 r foot", 
                0.0, 
                0.0, 
                0.0
            ]
        }, 
        "hand1": {
            "__tuple__": true, 
            "items": [
                "hand1", 
                "bip001 l hand", 
                0.0, 
                0.0, 
                0.0
            ]
        }, 
        "hand2": {
            "__tuple__": true, 
            "items": [
                "hand2", 
                "bip001 r hand", 
                0.0, 
                0.0, 
                0.0
            ]
        }, 
        "head": {
            "__tuple__": true, 
            "items": [
                "head", 
                "bip001 head", 
                0.0, 
                0.0, 
                0.0
            ]
        }, 
        "hit_point": {
            "__tuple__": true, 
            "items": [
                "hit_point", 
                "bip001 spine1", 
                0.0, 
                0.0, 
                0.0
            ]
        }, 
        "origin": {
            "__tuple__": true, 
            "items": [
                "origin", 
                "Scene Root", 
                0.0, 
                0.0, 
                0.0
            ]
        }, 
        "root": {
            "__tuple__": true, 
            "items": [
                "root", 
                "Scene Root", 
                0.0, 
                0.0, 
                0.0
            ]
        }, 
        "sound": {
            "__tuple__": true, 
            "items": [
                "sound", 
                "bip001 head", 
                -0.2, 
                0.1, 
                0.0
            ]
        }, 
        "top": {
            "__tuple__": true, 
            "items": [
                "top", 
                "Scene Root", 
                0.0, 
                1.7, 
                0.0
            ]
        }, 
        "ui_hp": {
            "__tuple__": true, 
            "items": [
                "ui_hp", 
                "Scene Root", 
                0.0, 
                2.2, 
                0.0
            ]
        }
    }, 
    "source": "code_Source_Import", 
    "uid": "editor_model_100266"
}