{
    "describe": -1266857998, 
    "key": 100651, 
    "map_name": "h52", 
    "model_id": 100651, 
    "name": -1131613804, 
    "offical_tags": {
        "__tuple__": true, 
        "items": [
            "code_tag_model_Secondary", 
            "code_tag_model_Modern", 
            "code_tag_model_Female"
        ]
    }, 
    "preview_icon": "UP1ModelPreview/100651", 
    "res_identify": "all", 
    "select_effect_scale": 0.01, 
    "socket_info": {
        "attack1": {
            "__tuple__": true, 
            "items": [
                "attack1", 
                "bip001 l hand", 
                0.0, 
                0.0, 
                0.0
            ]
        }, 
        "attack2": {
            "__tuple__": true, 
            "items": [
                "attack2", 
                "bip001 r hand", 
                0.0, 
                0.0, 
                0.0
            ]
        }, 
        "blood": {
            "__tuple__": true, 
            "items": [
                "blood", 
                "bip001 spine1", 
                0.0, 
                0.0, 
                0.0
            ]
        }, 
        "centroid": {
            "__tuple__": true, 
            "items": [
                "centroid", 
                "Scene Root", 
                0.0, 
                0.875, 
                0.0
            ]
        }, 
        "foot1": {
            "__tuple__": true, 
            "items": [
                "foot1", 
                "bip001 l foot", 
                0.0, 
                0.0, 
                0.0
            ]
        }, 
        "foot2": {
            "__tuple__": true, 
            "items": [
                "foot2", 
                "bip001 r foot", 
                0.0, 
                0.0, 
                0.0
            ]
        }, 
        "fx_l_hand": {
            "__tuple__": true, 
            "items": [
                "fx_l_hand", 
                "bip001 l hand", 
                -0.00378304123878, 
                0.00311383247375, 
                0.00448973178864
            ]
        }, 
        "fx_r_hand": {
            "__tuple__": true, 
            "items": [
                "fx_r_hand", 
                "bip001 r hand", 
                0.000986998081207, 
                0.0109299945831, 
                0.00909992694855
            ]
        }, 
        "fx_root": {
            "__tuple__": true, 
            "items": [
                "fx_root", 
                "", 
                0.0, 
                0.0, 
                0.0
            ]
        }, 
        "fx_weiba": {
            "__tuple__": true, 
            "items": [
                "fx_weiba", 
                "bone10", 
                0.0, 
                0.0, 
                0.0
            ]
        }, 
        "hand1": {
            "__tuple__": true, 
            "items": [
                "hand1", 
                "bip001 l hand", 
                0.0, 
                0.0, 
                0.0
            ]
        }, 
        "hand2": {
            "__tuple__": true, 
            "items": [
                "hand2", 
                "bip001 r hand", 
                0.0, 
                0.0, 
                0.0
            ]
        }, 
        "head": {
            "__tuple__": true, 
            "items": [
                "head", 
                "bip001 head", 
                0.0, 
                0.0, 
                0.0
            ]
        }, 
        "hit_point": {
            "__tuple__": true, 
            "items": [
                "hit_point", 
                "bip001 spine1", 
                0.0, 
                0.0, 
                0.0
            ]
        }, 
        "origin": {
            "__tuple__": true, 
            "items": [
                "origin", 
                "Scene Root", 
                0.0, 
                0.0, 
                0.0
            ]
        }, 
        "root": {
            "__tuple__": true, 
            "items": [
                "root", 
                "Scene Root", 
                0.0, 
                0.0, 
                0.0
            ]
        }, 
        "sound": {
            "__tuple__": true, 
            "items": [
                "sound", 
                "bip001 head", 
                -0.2, 
                0.1, 
                0.0
            ]
        }, 
        "top": {
            "__tuple__": true, 
            "items": [
                "top", 
                "Scene Root", 
                0.0, 
                1.75, 
                0.0
            ]
        }, 
        "ui_hp": {
            "__tuple__": true, 
            "items": [
                "ui_hp", 
                "Scene Root", 
                0.0, 
                2.25, 
                0.0
            ]
        }
    }, 
    "source": "code_Source_Import", 
    "uid": "editor_model_100651"
}