{
    "describe": -1599027896, 
    "key": 100955, 
    "map_name": "H12\u5929\u4e0bX\u5929\u4e0b", 
    "model_id": 100955, 
    "name": -256883558, 
    "offical_tags": {
        "__tuple__": true, 
        "items": [
            "code_tag_model_National Style", 
            "code_tag_model_Fairy", 
            "code_tag_model_Decoration", 
            "code_tag_model_Stone", 
            "code_tag_model_Pillar"
        ]
    }, 
    "preview_icon": "UP1ModelPreview/100955", 
    "res_identify": "", 
    "select_effect_scale": 5.0, 
    "socket_info": {}, 
    "source": "code_Source_Import", 
    "uid": "editor_model_100955"
}