{
    "describe": 1818412061, 
    "editor_res": false, 
    "key": 206212, 
    "map_name": "dm1_\u573a\u666f", 
    "model_id": 551540, 
    "name": -943659276, 
    "offical_tags": {
        "__tuple__": true, 
        "items": [
            "\u5361\u901a", 
            "\u73b0\u4ee3", 
            "\u65e5\u5f0f", 
            "\u5bb6\u5177", 
            "\u68d5\u8272", 
            "\u6728\u8d28", 
            "\u4e66\u67b6", 
            "\u5996\u602a\u5c0f\u73ed"
        ]
    }, 
    "preview_icon": "UP1ModelPreview/206212", 
    "release_delete": {
        "__tuple__": true, 
        "items": []
    }, 
    "release_hide": false, 
    "res_identify": "all", 
    "select_effect_scale": 0.01, 
    "socket_info": {}, 
    "source": "code_Source_Import", 
    "uid": "editor_model_206212"
}